,Number_ID,Sighting_Date,Observation_ID_final
0,PC00394,12-Jul-15,OB00001
1,PC00397,12-Jul-15,OB00001
2,PC00410,12-Jul-15,OB00001
3,PC00411,12-Jul-15,OB00001
4,PC00477,12-Jul-15,OB00002
5,PC00477,12-Jul-15,OB00001
6,PC00479,12-Jul-15,OB00002
7,PC00479,12-Jul-15,OB00001
8,PC00194,24-Jul-15,OB00007
9,PC00281,24-Jul-15,OB00007
10,PC00285,24-Jul-15,OB00008
11,PC00296,24-Jul-15,OB00008
12,PC00377,24-Jul-15,OB00008
13,PC00384,24-Jul-15,OB00006
14,PC00400,24-Jul-15,OB00008
15,PC00402,24-Jul-15,OB00007
16,PC00419,24-Jul-15,OB00007
17,PC00425,24-Jul-15,OB00006
18,PC00430,24-Jul-15,OB00006
19,PC00431,24-Jul-15,OB00006
20,PC00438,24-Jul-15,OB00006
21,PC00441,24-Jul-15,OB00006
22,PC00442,24-Jul-15,OB00006
23,PC00455,24-Jul-15,OB00006
24,PC00457,24-Jul-15,OB00006
25,PC00467,24-Jul-15,OB00006
26,PC00473,24-Jul-15,OB00008
27,PC00475,24-Jul-15,OB00006
28,PC00492,24-Jul-15,OB00007
29,PC00499,24-Jul-15,OB00006
30,PC00501,24-Jul-15,OB00006
31,PC00503,24-Jul-15,OB00006
32,PC00510,24-Jul-15,OB00007
33,PC00511,24-Jul-15,OB00008
34,PC00512,24-Jul-15,OB00007
35,PC00515,24-Jul-15,OB00007
36,PC00521,24-Jul-15,OB00006
37,PC00526,24-Jul-15,OB00008
38,PC00537,24-Jul-15,OB00006
39,PC00541,24-Jul-15,OB00006
40,PC00551,24-Jul-15,OB00006
41,PC00552,24-Jul-15,OB00006
42,PC00554,24-Jul-15,OB00008
43,PC00555,24-Jul-15,OB00008
44,PC00556,24-Jul-15,OB00006
45,PC00560,24-Jul-15,OB00006
46,PC00561,24-Jul-15,OB00007
47,PC00591,24-Jul-15,OB00008
48,PC00639,24-Jul-15,OB00007
49,PC00783,24-Jul-15,OB00008
50,PC00132,25-Jul-15,OB00010
51,PC00132,25-Jul-15,OB00011
52,PC00132,25-Jul-15,OB00009
53,PC00160,25-Jul-15,OB00010
54,PC00160,25-Jul-15,OB00011
55,PC00160,25-Jul-15,OB00009
56,PC00185,25-Jul-15,OB00010
57,PC00185,25-Jul-15,OB00011
58,PC00185,25-Jul-15,OB00009
59,PC00196,25-Jul-15,OB00010
60,PC00196,25-Jul-15,OB00011
61,PC00196,25-Jul-15,OB00009
62,PC00198,25-Jul-15,OB00010
63,PC00198,25-Jul-15,OB00011
64,PC00198,25-Jul-15,OB00009
65,PC00210,25-Jul-15,OB00010
66,PC00210,25-Jul-15,OB00011
67,PC00210,25-Jul-15,OB00009
68,PC00211,25-Jul-15,OB00010
69,PC00211,25-Jul-15,OB00011
70,PC00211,25-Jul-15,OB00009
71,PC00241,25-Jul-15,OB00010
72,PC00241,25-Jul-15,OB00011
73,PC00241,25-Jul-15,OB00009
74,PC00249,25-Jul-15,OB00010
75,PC00249,25-Jul-15,OB00011
76,PC00249,25-Jul-15,OB00009
77,PC00254,25-Jul-15,OB00010
78,PC00254,25-Jul-15,OB00011
79,PC00254,25-Jul-15,OB00009
80,PC00272,25-Jul-15,OB00010
81,PC00272,25-Jul-15,OB00011
82,PC00272,25-Jul-15,OB00009
83,PC00276,25-Jul-15,OB00010
84,PC00276,25-Jul-15,OB00011
85,PC00276,25-Jul-15,OB00009
86,PC00286,25-Jul-15,OB00010
87,PC00286,25-Jul-15,OB00011
88,PC00286,25-Jul-15,OB00009
89,PC00289,25-Jul-15,OB00010
90,PC00289,25-Jul-15,OB00011
91,PC00289,25-Jul-15,OB00009
92,PC00299,25-Jul-15,OB00010
93,PC00299,25-Jul-15,OB00011
94,PC00299,25-Jul-15,OB00009
95,PC00305,25-Jul-15,OB00010
96,PC00305,25-Jul-15,OB00011
97,PC00305,25-Jul-15,OB00009
98,PC00314,25-Jul-15,OB00010
99,PC00314,25-Jul-15,OB00011
100,PC00314,25-Jul-15,OB00009
101,PC00356,25-Jul-15,OB00010
102,PC00356,25-Jul-15,OB00011
103,PC00356,25-Jul-15,OB00009
104,PC00367,25-Jul-15,OB00010
105,PC00367,25-Jul-15,OB00011
106,PC00367,25-Jul-15,OB00009
107,PC00387,25-Jul-15,OB00010
108,PC00387,25-Jul-15,OB00011
109,PC00387,25-Jul-15,OB00009
110,PC00388,25-Jul-15,OB00010
111,PC00388,25-Jul-15,OB00011
112,PC00388,25-Jul-15,OB00009
113,PC00399,25-Jul-15,OB00010
114,PC00399,25-Jul-15,OB00011
115,PC00399,25-Jul-15,OB00009
116,PC00407,25-Jul-15,OB00010
117,PC00407,25-Jul-15,OB00011
118,PC00407,25-Jul-15,OB00009
119,PC00432,25-Jul-15,OB00010
120,PC00432,25-Jul-15,OB00011
121,PC00432,25-Jul-15,OB00009
122,PC00439,25-Jul-15,OB00010
123,PC00439,25-Jul-15,OB00011
124,PC00439,25-Jul-15,OB00009
125,PC00440,25-Jul-15,OB00010
126,PC00440,25-Jul-15,OB00011
127,PC00440,25-Jul-15,OB00009
128,PC00444,25-Jul-15,OB00010
129,PC00444,25-Jul-15,OB00011
130,PC00444,25-Jul-15,OB00009
131,PC00448,25-Jul-15,OB00010
132,PC00448,25-Jul-15,OB00011
133,PC00448,25-Jul-15,OB00009
134,PC00482,25-Jul-15,OB00010
135,PC00482,25-Jul-15,OB00011
136,PC00482,25-Jul-15,OB00009
137,PC00496,25-Jul-15,OB00010
138,PC00496,25-Jul-15,OB00011
139,PC00496,25-Jul-15,OB00009
140,PC00514,25-Jul-15,OB00010
141,PC00514,25-Jul-15,OB00011
142,PC00514,25-Jul-15,OB00009
143,PC00535,25-Jul-15,OB00010
144,PC00535,25-Jul-15,OB00011
145,PC00535,25-Jul-15,OB00009
146,PC00543,25-Jul-15,OB00010
147,PC00543,25-Jul-15,OB00011
148,PC00543,25-Jul-15,OB00009
149,PC00559,25-Jul-15,OB00010
150,PC00559,25-Jul-15,OB00011
151,PC00559,25-Jul-15,OB00009
152,PC00562,25-Jul-15,OB00010
153,PC00562,25-Jul-15,OB00011
154,PC00562,25-Jul-15,OB00009
155,PC00619,25-Jul-15,OB00010
156,PC00619,25-Jul-15,OB00011
157,PC00619,25-Jul-15,OB00009
158,PC00169,26-Jul-15,OB00017
159,PC00169,26-Jul-15,OB00016
160,PC00169,26-Jul-15,OB00015
161,PC00194,26-Jul-15,OB00013
162,PC00194,26-Jul-15,OB00014
163,PC00194,26-Jul-15,OB00012
164,PC00281,26-Jul-15,OB00014
165,PC00281,26-Jul-15,OB00013
166,PC00281,26-Jul-15,OB00012
167,PC00284,26-Jul-15,OB00017
168,PC00284,26-Jul-15,OB00016
169,PC00284,26-Jul-15,OB00015
170,PC00368,26-Jul-15,OB00017
171,PC00368,26-Jul-15,OB00016
172,PC00368,26-Jul-15,OB00015
173,PC00395,26-Jul-15,OB00013
174,PC00395,26-Jul-15,OB00014
175,PC00395,26-Jul-15,OB00012
176,PC00412,26-Jul-15,OB00013
177,PC00412,26-Jul-15,OB00014
178,PC00412,26-Jul-15,OB00012
179,PC00431,26-Jul-15,OB00013
180,PC00431,26-Jul-15,OB00014
181,PC00431,26-Jul-15,OB00012
182,PC00435,26-Jul-15,OB00013
183,PC00435,26-Jul-15,OB00014
184,PC00435,26-Jul-15,OB00012
185,PC00436,26-Jul-15,OB00013
186,PC00436,26-Jul-15,OB00014
187,PC00436,26-Jul-15,OB00012
188,PC00437,26-Jul-15,OB00013
189,PC00437,26-Jul-15,OB00014
190,PC00437,26-Jul-15,OB00012
191,PC00446,26-Jul-15,OB00013
192,PC00446,26-Jul-15,OB00014
193,PC00446,26-Jul-15,OB00012
194,PC00447,26-Jul-15,OB00013
195,PC00447,26-Jul-15,OB00014
196,PC00447,26-Jul-15,OB00012
197,PC00455,26-Jul-15,OB00013
198,PC00455,26-Jul-15,OB00014
199,PC00455,26-Jul-15,OB00012
200,PC00469,26-Jul-15,OB00013
201,PC00469,26-Jul-15,OB00014
202,PC00469,26-Jul-15,OB00012
203,PC00471,26-Jul-15,OB00013
204,PC00471,26-Jul-15,OB00014
205,PC00471,26-Jul-15,OB00012
206,PC00472,26-Jul-15,OB00012
207,PC00472,26-Jul-15,OB00013
208,PC00472,26-Jul-15,OB00014
209,PC00483,26-Jul-15,OB00013
210,PC00483,26-Jul-15,OB00014
211,PC00483,26-Jul-15,OB00012
212,PC00487,26-Jul-15,OB00013
213,PC00487,26-Jul-15,OB00014
214,PC00487,26-Jul-15,OB00012
215,PC00490,26-Jul-15,OB00013
216,PC00490,26-Jul-15,OB00014
217,PC00490,26-Jul-15,OB00012
218,PC00493,26-Jul-15,OB00013
219,PC00493,26-Jul-15,OB00014
220,PC00493,26-Jul-15,OB00012
221,PC00496,26-Jul-15,OB00013
222,PC00496,26-Jul-15,OB00014
223,PC00496,26-Jul-15,OB00012
224,PC00497,26-Jul-15,OB00013
225,PC00497,26-Jul-15,OB00014
226,PC00497,26-Jul-15,OB00012
227,PC00498,26-Jul-15,OB00013
228,PC00498,26-Jul-15,OB00014
229,PC00498,26-Jul-15,OB00012
230,PC00499,26-Jul-15,OB00013
231,PC00499,26-Jul-15,OB00014
232,PC00499,26-Jul-15,OB00012
233,PC00512,26-Jul-15,OB00013
234,PC00512,26-Jul-15,OB00014
235,PC00512,26-Jul-15,OB00012
236,PC00518,26-Jul-15,OB00013
237,PC00518,26-Jul-15,OB00014
238,PC00518,26-Jul-15,OB00012
239,PC00519,26-Jul-15,OB00013
240,PC00519,26-Jul-15,OB00014
241,PC00519,26-Jul-15,OB00012
242,PC00522,26-Jul-15,OB00017
243,PC00522,26-Jul-15,OB00016
244,PC00522,26-Jul-15,OB00015
245,PC00534,26-Jul-15,OB00013
246,PC00534,26-Jul-15,OB00014
247,PC00534,26-Jul-15,OB00012
248,PC00547,26-Jul-15,OB00013
249,PC00547,26-Jul-15,OB00014
250,PC00547,26-Jul-15,OB00012
251,PC00548,26-Jul-15,OB00013
252,PC00548,26-Jul-15,OB00014
253,PC00548,26-Jul-15,OB00012
254,PC00561,26-Jul-15,OB00013
255,PC00561,26-Jul-15,OB00014
256,PC00561,26-Jul-15,OB00012
257,PC00783,26-Jul-15,OB00017
258,PC00783,26-Jul-15,OB00016
259,PC00783,26-Jul-15,OB00015
260,PC00082,27-Jul-15,OB00018
261,PC00210,27-Jul-15,OB00018
262,PC00272,27-Jul-15,OB00018
263,PC00367,27-Jul-15,OB00018
264,PC00401,27-Jul-15,OB00018
265,PC00409,27-Jul-15,OB00018
266,PC00414,27-Jul-15,OB00018
267,PC00416,27-Jul-15,OB00018
268,PC00423,27-Jul-15,OB00018
269,PC00480,27-Jul-15,OB00018
270,PC00491,27-Jul-15,OB00018
271,PC00505,27-Jul-15,OB00018
272,PC00507,27-Jul-15,OB00018
273,PC00068,15-Sep-15,OB00020
274,PC00068,15-Sep-15,OB00021
275,PC00068,15-Sep-15,OB00019
276,PC00096,15-Sep-15,OB00020
277,PC00096,15-Sep-15,OB00021
278,PC00096,15-Sep-15,OB00019
279,PC00132,15-Sep-15,OB00020
280,PC00132,15-Sep-15,OB00021
281,PC00132,15-Sep-15,OB00019
282,PC00146,15-Sep-15,OB00023
283,PC00146,15-Sep-15,OB00022
284,PC00150,15-Sep-15,OB00023
285,PC00150,15-Sep-15,OB00022
286,PC00160,15-Sep-15,OB00020
287,PC00160,15-Sep-15,OB00021
288,PC00160,15-Sep-15,OB00019
289,PC00167,15-Sep-15,OB00023
290,PC00167,15-Sep-15,OB00022
291,PC00172,15-Sep-15,OB00023
292,PC00172,15-Sep-15,OB00022
293,PC00185,15-Sep-15,OB00020
294,PC00185,15-Sep-15,OB00021
295,PC00185,15-Sep-15,OB00019
296,PC00198,15-Sep-15,OB00020
297,PC00198,15-Sep-15,OB00021
298,PC00198,15-Sep-15,OB00019
299,PC00214,15-Sep-15,OB00020
300,PC00214,15-Sep-15,OB00021
301,PC00214,15-Sep-15,OB00019
302,PC00238,15-Sep-15,OB00023
303,PC00238,15-Sep-15,OB00022
304,PC00249,15-Sep-15,OB00020
305,PC00249,15-Sep-15,OB00021
306,PC00249,15-Sep-15,OB00019
307,PC00250,15-Sep-15,OB00023
308,PC00250,15-Sep-15,OB00022
309,PC00253,15-Sep-15,OB00023
310,PC00253,15-Sep-15,OB00022
311,PC00261,15-Sep-15,OB00023
312,PC00261,15-Sep-15,OB00022
313,PC00262,15-Sep-15,OB00020
314,PC00262,15-Sep-15,OB00021
315,PC00262,15-Sep-15,OB00019
316,PC00263,15-Sep-15,OB00023
317,PC00263,15-Sep-15,OB00022
318,PC00273,15-Sep-15,OB00023
319,PC00273,15-Sep-15,OB00022
320,PC00274,15-Sep-15,OB00020
321,PC00274,15-Sep-15,OB00021
322,PC00274,15-Sep-15,OB00019
323,PC00283,15-Sep-15,OB00020
324,PC00283,15-Sep-15,OB00021
325,PC00283,15-Sep-15,OB00019
326,PC00285,15-Sep-15,OB00023
327,PC00285,15-Sep-15,OB00022
328,PC00289,15-Sep-15,OB00020
329,PC00289,15-Sep-15,OB00021
330,PC00289,15-Sep-15,OB00019
331,PC00295,15-Sep-15,OB00023
332,PC00295,15-Sep-15,OB00022
333,PC00297,15-Sep-15,OB00023
334,PC00297,15-Sep-15,OB00022
335,PC00299,15-Sep-15,OB00020
336,PC00299,15-Sep-15,OB00021
337,PC00299,15-Sep-15,OB00019
338,PC00305,15-Sep-15,OB00020
339,PC00305,15-Sep-15,OB00021
340,PC00305,15-Sep-15,OB00019
341,PC00306,15-Sep-15,OB00023
342,PC00306,15-Sep-15,OB00022
343,PC00313,15-Sep-15,OB00023
344,PC00313,15-Sep-15,OB00022
345,PC00315,15-Sep-15,OB00020
346,PC00315,15-Sep-15,OB00021
347,PC00315,15-Sep-15,OB00019
348,PC00323,15-Sep-15,OB00023
349,PC00323,15-Sep-15,OB00022
350,PC00324,15-Sep-15,OB00020
351,PC00324,15-Sep-15,OB00021
352,PC00324,15-Sep-15,OB00019
353,PC00356,15-Sep-15,OB00020
354,PC00356,15-Sep-15,OB00021
355,PC00356,15-Sep-15,OB00019
356,PC00358,15-Sep-15,OB00023
357,PC00358,15-Sep-15,OB00022
358,PC00370,15-Sep-15,OB00020
359,PC00370,15-Sep-15,OB00021
360,PC00370,15-Sep-15,OB00019
361,PC00377,15-Sep-15,OB00023
362,PC00377,15-Sep-15,OB00022
363,PC00387,15-Sep-15,OB00020
364,PC00387,15-Sep-15,OB00021
365,PC00387,15-Sep-15,OB00019
366,PC00396,15-Sep-15,OB00020
367,PC00396,15-Sep-15,OB00021
368,PC00396,15-Sep-15,OB00019
369,PC00399,15-Sep-15,OB00020
370,PC00399,15-Sep-15,OB00021
371,PC00399,15-Sep-15,OB00019
372,PC00403,15-Sep-15,OB00023
373,PC00403,15-Sep-15,OB00022
374,PC00404,15-Sep-15,OB00023
375,PC00404,15-Sep-15,OB00022
376,PC00406,15-Sep-15,OB00023
377,PC00406,15-Sep-15,OB00022
378,PC00407,15-Sep-15,OB00020
379,PC00407,15-Sep-15,OB00021
380,PC00407,15-Sep-15,OB00019
381,PC00418,15-Sep-15,OB00023
382,PC00418,15-Sep-15,OB00022
383,PC00420,15-Sep-15,OB00023
384,PC00420,15-Sep-15,OB00022
385,PC00422,15-Sep-15,OB00020
386,PC00422,15-Sep-15,OB00021
387,PC00422,15-Sep-15,OB00019
388,PC00426,15-Sep-15,OB00023
389,PC00426,15-Sep-15,OB00022
390,PC00427,15-Sep-15,OB00023
391,PC00427,15-Sep-15,OB00022
392,PC00429,15-Sep-15,OB00023
393,PC00429,15-Sep-15,OB00022
394,PC00434,15-Sep-15,OB00023
395,PC00434,15-Sep-15,OB00022
396,PC00445,15-Sep-15,OB00020
397,PC00445,15-Sep-15,OB00021
398,PC00445,15-Sep-15,OB00019
399,PC00447,15-Sep-15,OB00020
400,PC00447,15-Sep-15,OB00021
401,PC00447,15-Sep-15,OB00019
402,PC00451,15-Sep-15,OB00020
403,PC00451,15-Sep-15,OB00021
404,PC00451,15-Sep-15,OB00019
405,PC00453,15-Sep-15,OB00023
406,PC00453,15-Sep-15,OB00022
407,PC00454,15-Sep-15,OB00023
408,PC00454,15-Sep-15,OB00022
409,PC00456,15-Sep-15,OB00023
410,PC00456,15-Sep-15,OB00022
411,PC00458,15-Sep-15,OB00020
412,PC00458,15-Sep-15,OB00021
413,PC00458,15-Sep-15,OB00019
414,PC00463,15-Sep-15,OB00023
415,PC00463,15-Sep-15,OB00022
416,PC00466,15-Sep-15,OB00023
417,PC00466,15-Sep-15,OB00022
418,PC00470,15-Sep-15,OB00023
419,PC00470,15-Sep-15,OB00022
420,PC00476,15-Sep-15,OB00023
421,PC00476,15-Sep-15,OB00022
422,PC00478,15-Sep-15,OB00023
423,PC00478,15-Sep-15,OB00022
424,PC00488,15-Sep-15,OB00023
425,PC00488,15-Sep-15,OB00022
426,PC00489,15-Sep-15,OB00020
427,PC00489,15-Sep-15,OB00021
428,PC00489,15-Sep-15,OB00019
429,PC00494,15-Sep-15,OB00023
430,PC00494,15-Sep-15,OB00022
431,PC00504,15-Sep-15,OB00023
432,PC00504,15-Sep-15,OB00022
433,PC00509,15-Sep-15,OB00023
434,PC00509,15-Sep-15,OB00022
435,PC00514,15-Sep-15,OB00020
436,PC00514,15-Sep-15,OB00021
437,PC00514,15-Sep-15,OB00019
438,PC00526,15-Sep-15,OB00023
439,PC00526,15-Sep-15,OB00022
440,PC00527,15-Sep-15,OB00020
441,PC00527,15-Sep-15,OB00021
442,PC00527,15-Sep-15,OB00019
443,PC00533,15-Sep-15,OB00023
444,PC00533,15-Sep-15,OB00022
445,PC00535,15-Sep-15,OB00020
446,PC00535,15-Sep-15,OB00021
447,PC00535,15-Sep-15,OB00019
448,PC00536,15-Sep-15,OB00023
449,PC00536,15-Sep-15,OB00022
450,PC00542,15-Sep-15,OB00020
451,PC00542,15-Sep-15,OB00021
452,PC00542,15-Sep-15,OB00019
453,PC00544,15-Sep-15,OB00020
454,PC00544,15-Sep-15,OB00021
455,PC00544,15-Sep-15,OB00019
456,PC00549,15-Sep-15,OB00023
457,PC00549,15-Sep-15,OB00022
458,PC00550,15-Sep-15,OB00020
459,PC00550,15-Sep-15,OB00021
460,PC00550,15-Sep-15,OB00019
461,PC00553,15-Sep-15,OB00023
462,PC00553,15-Sep-15,OB00022
463,PC00554,15-Sep-15,OB00023
464,PC00554,15-Sep-15,OB00022
465,PC00559,15-Sep-15,OB00020
466,PC00559,15-Sep-15,OB00021
467,PC00559,15-Sep-15,OB00019
468,PC00562,15-Sep-15,OB00020
469,PC00562,15-Sep-15,OB00021
470,PC00562,15-Sep-15,OB00019
471,PC00564,15-Sep-15,OB00023
472,PC00564,15-Sep-15,OB00022
473,PC00618,15-Sep-15,OB00023
474,PC00618,15-Sep-15,OB00022
475,PC00619,15-Sep-15,OB00020
476,PC00619,15-Sep-15,OB00021
477,PC00619,15-Sep-15,OB00019
478,PC00635,25-Apr-16,OB00024
479,PC01504,25-Apr-16,OB00024
480,PC01505,25-Apr-16,OB00024
481,//PC00242//,30-Jun-16,OB00026
482,//PC01555//,30-Jun-16,OB00025
483,PC00001,30-Jun-16,OB00025
484,PC00002,30-Jun-16,OB00025
485,PC00003,30-Jun-16,OB00025
486,PC00004,30-Jun-16,OB00025
487,PC00005,30-Jun-16,OB00025
488,PC00007,30-Jun-16,OB00025
489,PC00008,30-Jun-16,OB00025
490,PC00009,30-Jun-16,OB00025
491,PC00010,30-Jun-16,OB00025
492,PC00011,30-Jun-16,OB00025
493,PC00012,30-Jun-16,OB00025
494,PC00013,30-Jun-16,OB00025
495,PC00014,30-Jun-16,OB00025
496,PC00015,30-Jun-16,OB00025
497,PC00016,30-Jun-16,OB00025
498,PC00017,30-Jun-16,OB00025
499,PC00018,30-Jun-16,OB00025
500,PC00019,30-Jun-16,OB00025
501,PC00020,30-Jun-16,OB00025
502,PC00021,30-Jun-16,OB00025
503,PC00022,30-Jun-16,OB00025
504,PC00023,30-Jun-16,OB00026
505,PC00024,30-Jun-16,OB00025
506,PC00025,30-Jun-16,OB00025
507,PC00026,30-Jun-16,OB00025
508,PC00027,30-Jun-16,OB00025
509,PC00028,30-Jun-16,OB00026
510,PC00029,30-Jun-16,OB00026
511,PC00030,30-Jun-16,OB00026
512,PC00031,30-Jun-16,OB00025
513,PC00032,30-Jun-16,OB00025
514,PC00033,30-Jun-16,OB00025
515,PC00035,30-Jun-16,OB00025
516,PC00036,30-Jun-16,OB00025
517,PC00037,30-Jun-16,OB00025
518,PC00038,30-Jun-16,OB00025
519,PC00039,30-Jun-16,OB00025
520,PC00040,30-Jun-16,OB00025
521,PC00041,30-Jun-16,OB00025
522,PC00042,30-Jun-16,OB00025
523,PC00043,30-Jun-16,OB00025
524,PC00044,30-Jun-16,OB00025
525,PC00045,30-Jun-16,OB00025
526,PC00046,30-Jun-16,OB00025
527,PC00047,30-Jun-16,OB00025
528,PC00048,30-Jun-16,OB00025
529,PC00049,30-Jun-16,OB00025
530,PC00050,30-Jun-16,OB00025
531,PC00051,30-Jun-16,OB00025
532,PC00052,30-Jun-16,OB00025
533,PC00053,30-Jun-16,OB00026
534,PC00054,30-Jun-16,OB00025
535,PC00055,30-Jun-16,OB00025
536,PC00056,30-Jun-16,OB00025
537,PC00057,30-Jun-16,OB00025
538,PC00058,30-Jun-16,OB00025
539,PC00059,30-Jun-16,OB00025
540,PC00060,30-Jun-16,OB00025
541,PC00061,30-Jun-16,OB00025
542,PC00063,30-Jun-16,OB00025
543,PC00064,30-Jun-16,OB00025
544,PC00065,30-Jun-16,OB00025
545,PC00066,30-Jun-16,OB00026
546,PC00067,30-Jun-16,OB00025
547,PC00069,30-Jun-16,OB00026
548,PC00070,30-Jun-16,OB00025
549,PC00071,30-Jun-16,OB00025
550,PC00072,30-Jun-16,OB00025
551,PC00074,30-Jun-16,OB00025
552,PC00075,30-Jun-16,OB00025
553,PC00076,30-Jun-16,OB00025
554,PC00077,30-Jun-16,OB00025
555,PC00078,30-Jun-16,OB00025
556,PC00079,30-Jun-16,OB00025
557,PC00080,30-Jun-16,OB00025
558,PC00081,30-Jun-16,OB00025
559,PC00082,30-Jun-16,OB00026
560,PC00083,30-Jun-16,OB00025
561,PC00084,30-Jun-16,OB00025
562,PC00085,30-Jun-16,OB00025
563,PC00086,30-Jun-16,OB00025
564,PC00087,30-Jun-16,OB00025
565,PC00088,30-Jun-16,OB00026
566,PC00089,30-Jun-16,OB00025
567,PC00090,30-Jun-16,OB00025
568,PC00091,30-Jun-16,OB00025
569,PC00094,30-Jun-16,OB00025
570,PC00095,30-Jun-16,OB00025
571,PC00097,30-Jun-16,OB00025
572,PC00098,30-Jun-16,OB00025
573,PC00099,30-Jun-16,OB00025
574,PC00100,30-Jun-16,OB00025
575,PC00101,30-Jun-16,OB00025
576,PC00102,30-Jun-16,OB00025
577,PC00103,30-Jun-16,OB00025
578,PC00104,30-Jun-16,OB00025
579,PC00105,30-Jun-16,OB00025
580,PC00106,30-Jun-16,OB00025
581,PC00107,30-Jun-16,OB00025
582,PC00108,30-Jun-16,OB00025
583,PC00109,30-Jun-16,OB00026
584,PC00110,30-Jun-16,OB00025
585,PC00111,30-Jun-16,OB00025
586,PC00112,30-Jun-16,OB00025
587,PC00113,30-Jun-16,OB00025
588,PC00114,30-Jun-16,OB00025
589,PC00115,30-Jun-16,OB00025
590,PC00116,30-Jun-16,OB00025
591,PC00117,30-Jun-16,OB00025
592,PC00118,30-Jun-16,OB00025
593,PC00119,30-Jun-16,OB00025
594,PC00120,30-Jun-16,OB00025
595,PC00121,30-Jun-16,OB00025
596,PC00122,30-Jun-16,OB00025
597,PC00123,30-Jun-16,OB00025
598,PC00124,30-Jun-16,OB00025
599,PC00125,30-Jun-16,OB00025
600,PC00126,30-Jun-16,OB00025
601,PC00127,30-Jun-16,OB00025
602,PC00128,30-Jun-16,OB00025
603,PC00129,30-Jun-16,OB00025
604,PC00130,30-Jun-16,OB00025
605,PC00131,30-Jun-16,OB00025
606,PC00134,30-Jun-16,OB00025
607,PC00135,30-Jun-16,OB00025
608,PC00136,30-Jun-16,OB00025
609,PC00137,30-Jun-16,OB00026
610,PC00138,30-Jun-16,OB00025
611,PC00139,30-Jun-16,OB00025
612,PC00140,30-Jun-16,OB00025
613,PC00141,30-Jun-16,OB00025
614,PC00142,30-Jun-16,OB00025
615,PC00143,30-Jun-16,OB00025
616,PC00144,30-Jun-16,OB00025
617,PC00145,30-Jun-16,OB00025
618,PC00151,30-Jun-16,OB00025
619,PC00257,30-Jun-16,OB00025
620,PC00342,30-Jun-16,OB00025
621,PC00347,30-Jun-16,OB00025
622,PC00372,30-Jun-16,OB00025
623,PC00557,30-Jun-16,OB00025
624,PC00567,24-Jul-16,OB00028
625,PC00567,24-Jul-16,OB00027
626,PC00567,24-Jul-16,OB00029
627,PC00568,24-Jul-16,OB00029
628,PC00568,24-Jul-16,OB00028
629,PC00568,24-Jul-16,OB00027
630,PC00146,25-Jul-16,OB00030
631,PC00270,25-Jul-16,OB00030
632,PC00341,25-Jul-16,OB00030
633,PC00496,25-Jul-16,OB00030
634,PC00552,25-Jul-16,OB00030
635,PC00569,25-Jul-16,OB00030
636,PC00570,25-Jul-16,OB00030
637,PC00571,25-Jul-16,OB00030
638,PC00572,25-Jul-16,OB00030
639,PC00573,25-Jul-16,OB00030
640,PC00574,25-Jul-16,OB00030
641,PC00575,25-Jul-16,OB00030
642,PC00576,25-Jul-16,OB00030
643,PC00577,25-Jul-16,OB00030
644,PC00578,25-Jul-16,OB00030
645,PC00580,25-Jul-16,OB00030
646,PC00581,25-Jul-16,OB00030
647,PC00582,25-Jul-16,OB00030
648,PC00583,25-Jul-16,OB00030
649,PC00584,25-Jul-16,OB00030
650,PC00585,25-Jul-16,OB00030
651,PC00586,25-Jul-16,OB00030
652,PC00587,25-Jul-16,OB00030
653,PC00588,25-Jul-16,OB00030
654,PC00589,25-Jul-16,OB00030
655,PC00590,25-Jul-16,OB00030
656,PC00591,25-Jul-16,OB00030
657,PC00592,25-Jul-16,OB00030
658,PC00593,25-Jul-16,OB00030
659,PC00594,25-Jul-16,OB00030
660,PC00595,25-Jul-16,OB00030
661,PC00596,25-Jul-16,OB00030
662,PC00068,8-Aug-16,OB00034
663,PC00068,8-Aug-16,OB00035
664,PC00096,8-Aug-16,OB00034
665,PC00146,8-Aug-16,OB00034
666,PC00155,8-Aug-16,OB00034
667,PC00169,8-Aug-16,OB00035
668,PC00190,8-Aug-16,OB00033
669,PC00190,8-Aug-16,OB00034
670,PC00198,8-Aug-16,OB00034
671,PC00199,8-Aug-16,OB00034
672,PC00205,8-Aug-16,OB00035
673,PC00209,8-Aug-16,OB00035
674,PC00210,8-Aug-16,OB00034
675,PC00210,8-Aug-16,OB00035
676,PC00213,8-Aug-16,OB00033
677,PC00213,8-Aug-16,OB00034
678,PC00214,8-Aug-16,OB00034
679,PC00214,8-Aug-16,OB00035
680,PC00221,8-Aug-16,OB00034
681,PC00223,8-Aug-16,OB00035
682,PC00233,8-Aug-16,OB00034
683,PC00233,8-Aug-16,OB00035
684,PC00250,8-Aug-16,OB00034
685,PC00253,8-Aug-16,OB00034
686,PC00255,8-Aug-16,OB00034
687,PC00255,8-Aug-16,OB00035
688,PC00256,8-Aug-16,OB00035
689,PC00261,8-Aug-16,OB00034
690,PC00262,8-Aug-16,OB00034
691,PC00262,8-Aug-16,OB00035
692,PC00263,8-Aug-16,OB00034
693,PC00272,8-Aug-16,OB00034
694,PC00272,8-Aug-16,OB00035
695,PC00274,8-Aug-16,OB00034
696,PC00274,8-Aug-16,OB00035
697,PC00280,8-Aug-16,OB00034
698,PC00284,8-Aug-16,OB00035
699,PC00285,8-Aug-16,OB00034
700,PC00285,8-Aug-16,OB00037
701,PC00286,8-Aug-16,OB00035
702,PC00299,8-Aug-16,OB00035
703,PC00301,8-Aug-16,OB00035
704,PC00302,8-Aug-16,OB00035
705,PC00305,8-Aug-16,OB00034
706,PC00323,8-Aug-16,OB00035
707,PC00324,8-Aug-16,OB00034
708,PC00327,8-Aug-16,OB00034
709,PC00337,8-Aug-16,OB00034
710,PC00338,8-Aug-16,OB00034
711,PC00340,8-Aug-16,OB00034
712,PC00344,8-Aug-16,OB00034
713,PC00361,8-Aug-16,OB00035
714,PC00367,8-Aug-16,OB00034
715,PC00370,8-Aug-16,OB00034
716,PC00373,8-Aug-16,OB00034
717,PC00373,8-Aug-16,OB00035
718,PC00375,8-Aug-16,OB00034
719,PC00375,8-Aug-16,OB00035
720,PC00377,8-Aug-16,OB00034
721,PC00387,8-Aug-16,OB00035
722,PC00391,8-Aug-16,OB00034
723,PC00399,8-Aug-16,OB00035
724,PC00400,8-Aug-16,OB00034
725,PC00406,8-Aug-16,OB00035
726,PC00407,8-Aug-16,OB00035
727,PC00445,8-Aug-16,OB00034
728,PC00451,8-Aug-16,OB00034
729,PC00454,8-Aug-16,OB00034
730,PC00456,8-Aug-16,OB00034
731,PC00458,8-Aug-16,OB00034
732,PC00458,8-Aug-16,OB00035
733,PC00463,8-Aug-16,OB00035
734,PC00466,8-Aug-16,OB00034
735,PC00473,8-Aug-16,OB00034
736,PC00473,8-Aug-16,OB00033
737,PC00474,8-Aug-16,OB00035
738,PC00474,8-Aug-16,OB00034
739,PC00478,8-Aug-16,OB00034
740,PC00482,8-Aug-16,OB00034
741,PC00484,8-Aug-16,OB00034
742,PC00495,8-Aug-16,OB00035
743,PC00505,8-Aug-16,OB00035
744,PC00522,8-Aug-16,OB00034
745,PC00522,8-Aug-16,OB00035
746,PC00528,8-Aug-16,OB00034
747,PC00528,8-Aug-16,OB00036
748,PC00532,8-Aug-16,OB00035
749,PC00542,8-Aug-16,OB00034
750,PC00544,8-Aug-16,OB00034
751,PC00549,8-Aug-16,OB00034
752,PC00564,8-Aug-16,OB00034
753,PC00564,8-Aug-16,OB00037
754,PC00597,8-Aug-16,OB00031
755,PC00597,8-Aug-16,OB00032
756,PC00598,8-Aug-16,OB00031
757,PC00598,8-Aug-16,OB00033
758,PC00598,8-Aug-16,OB00034
759,PC00599,8-Aug-16,OB00033
760,PC00599,8-Aug-16,OB00034
761,PC00600,8-Aug-16,OB00033
762,PC00600,8-Aug-16,OB00034
763,PC00602,8-Aug-16,OB00034
764,PC00602,8-Aug-16,OB00035
765,PC00604,8-Aug-16,OB00034
766,PC00605,8-Aug-16,OB00034
767,PC00606,8-Aug-16,OB00034
768,PC00607,8-Aug-16,OB00034
769,PC00607,8-Aug-16,OB00035
770,PC00608,8-Aug-16,OB00034
771,PC00608,8-Aug-16,OB00035
772,PC00609,8-Aug-16,OB00034
773,PC00609,8-Aug-16,OB00035
774,PC00610,8-Aug-16,OB00034
775,PC00611,8-Aug-16,OB00034
776,PC00617,8-Aug-16,OB00035
777,PC00618,8-Aug-16,OB00035
778,PC00621,8-Aug-16,OB00035
779,PC00622,8-Aug-16,OB00035
780,PC00623,8-Aug-16,OB00035
781,PC00624,8-Aug-16,OB00035
782,PC00625,8-Aug-16,OB00035
783,PC00627,8-Aug-16,OB00035
784,PC00628,8-Aug-16,OB00035
785,PC00629,8-Aug-16,OB00035
786,PC00631,8-Aug-16,OB00035
787,PC00632,8-Aug-16,OB00035
788,PC00633,8-Aug-16,OB00035
789,PC00634,8-Aug-16,OB00035
790,PC00636,8-Aug-16,OB00035
791,PC00636,8-Aug-16,OB00034
792,PC00638,8-Aug-16,OB00035
793,PC00643,8-Aug-16,OB00035
794,PC00645,8-Aug-16,OB00035
795,PC00646,8-Aug-16,OB00035
796,PC00647,8-Aug-16,OB00035
797,PC00783,8-Aug-16,OB00035
798,PC01506,8-Aug-16,OB00035
799,PC00404,25-Sep-16,OB00038
800,PC00429,25-Sep-16,OB00038
801,PC00447,25-Sep-16,OB00038
802,PC00640,25-Sep-16,OB00038
803,PC00641,25-Sep-16,OB00038
804,PC00642,25-Sep-16,OB00038
805,PC00169,2-Jun-17,OB00039
806,PC00169,2-Jun-17,OB00040
807,PC00213,2-Jun-17,OB00039
808,PC00213,2-Jun-17,OB00040
809,PC00223,2-Jun-17,OB00039
810,PC00223,2-Jun-17,OB00040
811,PC00238,2-Jun-17,OB00040
812,PC00238,2-Jun-17,OB00039
813,PC00250,2-Jun-17,OB00039
814,PC00250,2-Jun-17,OB00040
815,PC00253,2-Jun-17,OB00039
816,PC00253,2-Jun-17,OB00040
817,PC00284,2-Jun-17,OB00039
818,PC00284,2-Jun-17,OB00040
819,PC00315,2-Jun-17,OB00039
820,PC00315,2-Jun-17,OB00040
821,PC00316,2-Jun-17,OB00039
822,PC00316,2-Jun-17,OB00040
823,PC00466,2-Jun-17,OB00040
824,PC00466,2-Jun-17,OB00039
825,PC00500,2-Jun-17,OB00039
826,PC00500,2-Jun-17,OB00040
827,PC00722,2-Jun-17,OB00040
828,PC00722,2-Jun-17,OB00039
829,PC00763,2-Jun-17,OB00039
830,PC00763,2-Jun-17,OB00040
831,PC00765,2-Jun-17,OB00040
832,PC00765,2-Jun-17,OB00039
833,PC00766,2-Jun-17,OB00039
834,PC00766,2-Jun-17,OB00040
835,PC00769,2-Jun-17,OB00039
836,PC00769,2-Jun-17,OB00040
837,PC00783,2-Jun-17,OB00039
838,PC00783,2-Jun-17,OB00040
839,PC00006,27-Jun-17,OB00043
840,PC00034,27-Jun-17,OB00043
841,PC00062,27-Jun-17,OB00041
842,PC00092,27-Jun-17,OB00044
843,PC00154,27-Jun-17,OB00041
844,PC00154,27-Jun-17,OB00042
845,PC00158,27-Jun-17,OB00044
846,PC00165,27-Jun-17,OB00041
847,PC00170,27-Jun-17,OB00044
848,PC00171,27-Jun-17,OB00042
849,PC00175,27-Jun-17,OB00044
850,PC00178,27-Jun-17,OB00044
851,PC00180,27-Jun-17,OB00044
852,PC00181,27-Jun-17,OB00042
853,PC00182,27-Jun-17,OB00042
854,PC00188,27-Jun-17,OB00041
855,PC00189,27-Jun-17,OB00041
856,PC00191,27-Jun-17,OB00044
857,PC00201,27-Jun-17,OB00042
858,PC00202,27-Jun-17,OB00042
859,PC00203,27-Jun-17,OB00041
860,PC00203,27-Jun-17,OB00042
861,PC00206,27-Jun-17,OB00044
862,PC00218,27-Jun-17,OB00044
863,PC00228,27-Jun-17,OB00044
864,PC00229,27-Jun-17,OB00041
865,PC00240,27-Jun-17,OB00044
866,PC00248,27-Jun-17,OB00044
867,PC00251,27-Jun-17,OB00044
868,PC00257,27-Jun-17,OB00044
869,PC00264,27-Jun-17,OB00044
870,PC00267,27-Jun-17,OB00042
871,PC00269,27-Jun-17,OB00042
872,PC00277,27-Jun-17,OB00044
873,PC00278,27-Jun-17,OB00041
874,PC00279,27-Jun-17,OB00044
875,PC00293,27-Jun-17,OB00044
876,PC00294,27-Jun-17,OB00044
877,PC00300,27-Jun-17,OB00044
878,PC00312,27-Jun-17,OB00041
879,PC00318,27-Jun-17,OB00041
880,PC00319,27-Jun-17,OB00041
881,PC00320,27-Jun-17,OB00041
882,PC00320,27-Jun-17,OB00042
883,PC00322,27-Jun-17,OB00044
884,PC00325,27-Jun-17,OB00041
885,PC00330,27-Jun-17,OB00044
886,PC00331,27-Jun-17,OB00044
887,PC00332,27-Jun-17,OB00044
888,PC00334,27-Jun-17,OB00044
889,PC00339,27-Jun-17,OB00041
890,PC00342,27-Jun-17,OB00044
891,PC00347,27-Jun-17,OB00044
892,PC00351,27-Jun-17,OB00044
893,PC00352,27-Jun-17,OB00044
894,PC00359,27-Jun-17,OB00044
895,PC00363,27-Jun-17,OB00041
896,PC00372,27-Jun-17,OB00044
897,PC00378,27-Jun-17,OB00044
898,PC00382,27-Jun-17,OB00041
899,PC00386,27-Jun-17,OB00044
900,PC00389,27-Jun-17,OB00044
901,PC00390,27-Jun-17,OB00044
902,PC00405,27-Jun-17,OB00044
903,PC00443,27-Jun-17,OB00042
904,PC00460,27-Jun-17,OB00044
905,PC00461,27-Jun-17,OB00044
906,PC00465,27-Jun-17,OB00042
907,PC00502,27-Jun-17,OB00044
908,PC00506,27-Jun-17,OB00044
909,PC00525,27-Jun-17,OB00044
910,PC00540,27-Jun-17,OB00044
911,PC00546,27-Jun-17,OB00044
912,PC00557,27-Jun-17,OB00044
913,PC00566,27-Jun-17,OB00041
914,PC00616,27-Jun-17,OB00044
915,PC00784,27-Jun-17,OB00044
916,PC00197,20-Jul-17,OB00048
917,PC00285,20-Jul-17,OB00045
918,PC00384,20-Jul-17,OB00048
919,PC00492,20-Jul-17,OB00048
920,PC00585,20-Jul-17,OB00048
921,PC00590,20-Jul-17,OB00048
922,PC00639,20-Jul-17,OB00048
923,PC00657,20-Jul-17,OB00048
924,PC00660,20-Jul-17,OB00048
925,PC00662,20-Jul-17,OB00048
926,PC00666,20-Jul-17,OB00048
927,PC00667,20-Jul-17,OB00045
928,PC00667,20-Jul-17,OB00048
929,PC00669,20-Jul-17,OB00048
930,PC00686,20-Jul-17,OB00048
931,PC00689,20-Jul-17,OB00048
932,PC00698,20-Jul-17,OB00045
933,PC00706,20-Jul-17,OB00048
934,PC00709,20-Jul-17,OB00048
935,PC00716,20-Jul-17,OB00048
936,PC00717,20-Jul-17,OB00048
937,PC00724,20-Jul-17,OB00048
938,PC00726,20-Jul-17,OB00048
939,PC00727,20-Jul-17,OB00048
940,PC00728,20-Jul-17,OB00048
941,PC00731,20-Jul-17,OB00048
942,PC00734,20-Jul-17,OB00048
943,PC00735,20-Jul-17,OB00048
944,PC00737,20-Jul-17,OB00048
945,PC00739,20-Jul-17,OB00048
946,PC00741,20-Jul-17,OB00048
947,PC00744,20-Jul-17,OB00045
948,PC00747,20-Jul-17,OB00048
949,PC00749,20-Jul-17,OB00048
950,PC00750,20-Jul-17,OB00048
951,PC00757,20-Jul-17,OB00048
952,PC00758,20-Jul-17,OB00047
953,PC00764,20-Jul-17,OB00048
954,PC00767,20-Jul-17,OB00048
955,PC00770,20-Jul-17,OB00048
956,PC00776,20-Jul-17,OB00048
957,PC00778,20-Jul-17,OB00045
958,PC00023,21-Jul-17,OB00051
959,PC00174,21-Jul-17,OB00052
960,PC00174,21-Jul-17,OB00053
961,PC00384,21-Jul-17,OB00051
962,PC00435,21-Jul-17,OB00050
963,PC00466,21-Jul-17,OB00049
964,PC00498,21-Jul-17,OB00050
965,PC00503,21-Jul-17,OB00051
966,PC00582,21-Jul-17,OB00051
967,PC00583,21-Jul-17,OB00051
968,PC00585,21-Jul-17,OB00050
969,PC00648,21-Jul-17,OB00049
970,PC00649,21-Jul-17,OB00049
971,PC00650,21-Jul-17,OB00049
972,PC00651,21-Jul-17,OB00049
973,PC00652,21-Jul-17,OB00049
974,PC00653,21-Jul-17,OB00049
975,PC00654,21-Jul-17,OB00049
976,PC00655,21-Jul-17,OB00050
977,PC00656,21-Jul-17,OB00050
978,PC00656,21-Jul-17,OB00051
979,PC00657,21-Jul-17,OB00049
980,PC00657,21-Jul-17,OB00051
981,PC00658,21-Jul-17,OB00051
982,PC00659,21-Jul-17,OB00052
983,PC00659,21-Jul-17,OB00053
984,PC00661,21-Jul-17,OB00049
985,PC00663,21-Jul-17,OB00049
986,PC00664,21-Jul-17,OB00051
987,PC00665,21-Jul-17,OB00051
988,PC00668,21-Jul-17,OB00049
989,PC00669,21-Jul-17,OB00051
990,PC00672,21-Jul-17,OB00050
991,PC00673,21-Jul-17,OB00049
992,PC00674,21-Jul-17,OB00049
993,PC00675,21-Jul-17,OB00051
994,PC00676,21-Jul-17,OB00049
995,PC00677,21-Jul-17,OB00049
996,PC00678,21-Jul-17,OB00052
997,PC00678,21-Jul-17,OB00053
998,PC00679,21-Jul-17,OB00049
999,PC00680,21-Jul-17,OB00051
1000,PC00682,21-Jul-17,OB00049
1001,PC00683,21-Jul-17,OB00049
1002,PC00684,21-Jul-17,OB00049
1003,PC00685,21-Jul-17,OB00049
1004,PC00686,21-Jul-17,OB00050
1005,PC00687,21-Jul-17,OB00051
1006,PC00688,21-Jul-17,OB00051
1007,PC00689,21-Jul-17,OB00050
1008,PC00690,21-Jul-17,OB00051
1009,PC00691,21-Jul-17,OB00053
1010,PC00691,21-Jul-17,OB00051
1011,PC00692,21-Jul-17,OB00051
1012,PC00692,21-Jul-17,OB00053
1013,PC00693,21-Jul-17,OB00051
1014,PC00694,21-Jul-17,OB00051
1015,PC00695,21-Jul-17,OB00049
1016,PC00696,21-Jul-17,OB00049
1017,PC00697,21-Jul-17,OB00049
1018,PC00699,21-Jul-17,OB00051
1019,PC00700,21-Jul-17,OB00051
1020,PC00701,21-Jul-17,OB00051
1021,PC00702,21-Jul-17,OB00051
1022,PC00703,21-Jul-17,OB00051
1023,PC00704,21-Jul-17,OB00051
1024,PC00705,21-Jul-17,OB00051
1025,PC00707,21-Jul-17,OB00051
1026,PC00707,21-Jul-17,OB00053
1027,PC00708,21-Jul-17,OB00049
1028,PC00709,21-Jul-17,OB00050
1029,PC00709,21-Jul-17,OB00051
1030,PC00710,21-Jul-17,OB00050
1031,PC00710,21-Jul-17,OB00051
1032,PC00711,21-Jul-17,OB00051
1033,PC00712,21-Jul-17,OB00049
1034,PC00713,21-Jul-17,OB00049
1035,PC00714,21-Jul-17,OB00049
1036,PC00715,21-Jul-17,OB00049
1037,PC00718,21-Jul-17,OB00051
1038,PC00719,21-Jul-17,OB00049
1039,PC00720,21-Jul-17,OB00049
1040,PC00721,21-Jul-17,OB00051
1041,PC00723,21-Jul-17,OB00051
1042,PC00723,21-Jul-17,OB00053
1043,PC00724,21-Jul-17,OB00049
1044,PC00724,21-Jul-17,OB00051
1045,PC00725,21-Jul-17,OB00049
1046,PC00728,21-Jul-17,OB00050
1047,PC00729,21-Jul-17,OB00050
1048,PC00730,21-Jul-17,OB00050
1049,PC00732,21-Jul-17,OB00050
1050,PC00732,21-Jul-17,OB00051
1051,PC00733,21-Jul-17,OB00049
1052,PC00734,21-Jul-17,OB00051
1053,PC00736,21-Jul-17,OB00052
1054,PC00736,21-Jul-17,OB00053
1055,PC00738,21-Jul-17,OB00051
1056,PC00740,21-Jul-17,OB00049
1057,PC00741,21-Jul-17,OB00050
1058,PC00742,21-Jul-17,OB00049
1059,PC00743,21-Jul-17,OB00049
1060,PC00745,21-Jul-17,OB00051
1061,PC00747,21-Jul-17,OB00050
1062,PC00748,21-Jul-17,OB00051
1063,PC00750,21-Jul-17,OB00050
1064,PC00751,21-Jul-17,OB00049
1065,PC00752,21-Jul-17,OB00049
1066,PC00753,21-Jul-17,OB00049
1067,PC00754,21-Jul-17,OB00051
1068,PC00754,21-Jul-17,OB00053
1069,PC00755,21-Jul-17,OB00049
1070,PC00756,21-Jul-17,OB00049
1071,PC00756,21-Jul-17,OB00050
1072,PC00759,21-Jul-17,OB00052
1073,PC00759,21-Jul-17,OB00053
1074,PC00761,21-Jul-17,OB00051
1075,PC00764,21-Jul-17,OB00050
1076,PC00767,21-Jul-17,OB00050
1077,PC00768,21-Jul-17,OB00050
1078,PC00768,21-Jul-17,OB00051
1079,PC00770,21-Jul-17,OB00050
1080,PC00771,21-Jul-17,OB00049
1081,PC00772,21-Jul-17,OB00049
1082,PC00773,21-Jul-17,OB00049
1083,PC00774,21-Jul-17,OB00051
1084,PC00775,21-Jul-17,OB00051
1085,PC00777,21-Jul-17,OB00051
1086,PC00780,21-Jul-17,OB00049
1087,PC00781,21-Jul-17,OB00049
1088,PC00902,21-Jul-17,OB00049
1089,PC01273,21-Jul-17,OB00051
1090,PC01273,21-Jul-17,OB00053
1091,PC00068,16-Aug-17,OB00054
1092,PC00073,16-Aug-17,OB00054
1093,PC00096,16-Aug-17,OB00054
1094,PC00132,16-Aug-17,OB00054
1095,PC00146,16-Aug-17,OB00054
1096,PC00147,16-Aug-17,OB00054
1097,PC00148,16-Aug-17,OB00054
1098,PC00150,16-Aug-17,OB00054
1099,PC00155,16-Aug-17,OB00054
1100,PC00156,16-Aug-17,OB00054
1101,PC00160,16-Aug-17,OB00054
1102,PC00161,16-Aug-17,OB00054
1103,PC00167,16-Aug-17,OB00054
1104,PC00168,16-Aug-17,OB00054
1105,PC00169,16-Aug-17,OB00054
1106,PC00172,16-Aug-17,OB00054
1107,PC00173,16-Aug-17,OB00054
1108,PC00179,16-Aug-17,OB00054
1109,PC00185,16-Aug-17,OB00054
1110,PC00186,16-Aug-17,OB00054
1111,PC00190,16-Aug-17,OB00054
1112,PC00192,16-Aug-17,OB00054
1113,PC00194,16-Aug-17,OB00054
1114,PC00195,16-Aug-17,OB00054
1115,PC00196,16-Aug-17,OB00054
1116,PC00197,16-Aug-17,OB00054
1117,PC00198,16-Aug-17,OB00054
1118,PC00199,16-Aug-17,OB00054
1119,PC00205,16-Aug-17,OB00054
1120,PC00207,16-Aug-17,OB00054
1121,PC00210,16-Aug-17,OB00054
1122,PC00212,16-Aug-17,OB00054
1123,PC00213,16-Aug-17,OB00054
1124,PC00214,16-Aug-17,OB00054
1125,PC00221,16-Aug-17,OB00054
1126,PC00222,16-Aug-17,OB00054
1127,PC00223,16-Aug-17,OB00054
1128,PC00225,16-Aug-17,OB00054
1129,PC00226,16-Aug-17,OB00054
1130,PC00227,16-Aug-17,OB00054
1131,PC00233,16-Aug-17,OB00054
1132,PC00234,16-Aug-17,OB00054
1133,PC00235,16-Aug-17,OB00054
1134,PC00236,16-Aug-17,OB00054
1135,PC00238,16-Aug-17,OB00054
1136,PC00241,16-Aug-17,OB00054
1137,PC00243,16-Aug-17,OB00054
1138,PC00245,16-Aug-17,OB00054
1139,PC00247,16-Aug-17,OB00054
1140,PC00249,16-Aug-17,OB00054
1141,PC00250,16-Aug-17,OB00054
1142,PC00253,16-Aug-17,OB00054
1143,PC00254,16-Aug-17,OB00054
1144,PC00255,16-Aug-17,OB00054
1145,PC00256,16-Aug-17,OB00054
1146,PC00258,16-Aug-17,OB00054
1147,PC00260,16-Aug-17,OB00054
1148,PC00261,16-Aug-17,OB00054
1149,PC00262,16-Aug-17,OB00054
1150,PC00263,16-Aug-17,OB00054
1151,PC00266,16-Aug-17,OB00054
1152,PC00270,16-Aug-17,OB00054
1153,PC00272,16-Aug-17,OB00054
1154,PC00273,16-Aug-17,OB00054
1155,PC00274,16-Aug-17,OB00054
1156,PC00275,16-Aug-17,OB00054
1157,PC00276,16-Aug-17,OB00054
1158,PC00280,16-Aug-17,OB00054
1159,PC00281,16-Aug-17,OB00054
1160,PC00283,16-Aug-17,OB00054
1161,PC00285,16-Aug-17,OB00054
1162,PC00286,16-Aug-17,OB00054
1163,PC00289,16-Aug-17,OB00054
1164,PC00290,16-Aug-17,OB00054
1165,PC00292,16-Aug-17,OB00054
1166,PC00295,16-Aug-17,OB00054
1167,PC00296,16-Aug-17,OB00054
1168,PC00297,16-Aug-17,OB00054
1169,PC00299,16-Aug-17,OB00054
1170,PC00301,16-Aug-17,OB00054
1171,PC00302,16-Aug-17,OB00054
1172,PC00303,16-Aug-17,OB00054
1173,PC00305,16-Aug-17,OB00054
1174,PC00306,16-Aug-17,OB00054
1175,PC00308,16-Aug-17,OB00054
1176,PC00311,16-Aug-17,OB00054
1177,PC00313,16-Aug-17,OB00054
1178,PC00314,16-Aug-17,OB00054
1179,PC00315,16-Aug-17,OB00054
1180,PC00316,16-Aug-17,OB00054
1181,PC00317,16-Aug-17,OB00054
1182,PC00323,16-Aug-17,OB00054
1183,PC00324,16-Aug-17,OB00054
1184,PC00326,16-Aug-17,OB00054
1185,PC00327,16-Aug-17,OB00054
1186,PC00328,16-Aug-17,OB00054
1187,PC00337,16-Aug-17,OB00054
1188,PC00338,16-Aug-17,OB00054
1189,PC00340,16-Aug-17,OB00054
1190,PC00341,16-Aug-17,OB00054
1191,PC00344,16-Aug-17,OB00054
1192,PC00345,16-Aug-17,OB00054
1193,PC00348,16-Aug-17,OB00054
1194,PC00353,16-Aug-17,OB00054
1195,PC00355,16-Aug-17,OB00054
1196,PC00356,16-Aug-17,OB00054
1197,PC00358,16-Aug-17,OB00054
1198,PC00361,16-Aug-17,OB00054
1199,PC00362,16-Aug-17,OB00054
1200,PC00367,16-Aug-17,OB00054
1201,PC00368,16-Aug-17,OB00054
1202,PC00369,16-Aug-17,OB00054
1203,PC00370,16-Aug-17,OB00054
1204,PC00371,16-Aug-17,OB00054
1205,PC00373,16-Aug-17,OB00054
1206,PC00375,16-Aug-17,OB00054
1207,PC00376,16-Aug-17,OB00054
1208,PC00379,16-Aug-17,OB00054
1209,PC00381,16-Aug-17,OB00054
1210,PC00383,16-Aug-17,OB00054
1211,PC00385,16-Aug-17,OB00054
1212,PC00391,16-Aug-17,OB00054
1213,PC00392,16-Aug-17,OB00054
1214,PC00408,16-Aug-17,OB00054
1215,PC00413,16-Aug-17,OB00054
1216,PC00421,16-Aug-17,OB00054
1217,PC00424,16-Aug-17,OB00054
1218,PC00445,16-Aug-17,OB00054
1219,PC00449,16-Aug-17,OB00054
1220,PC00450,16-Aug-17,OB00054
1221,PC00452,16-Aug-17,OB00054
1222,PC00462,16-Aug-17,OB00054
1223,PC00466,16-Aug-17,OB00054
1224,PC00468,16-Aug-17,OB00054
1225,PC00470,16-Aug-17,OB00054
1226,PC00473,16-Aug-17,OB00054
1227,PC00482,16-Aug-17,OB00054
1228,PC00485,16-Aug-17,OB00054
1229,PC00486,16-Aug-17,OB00054
1230,PC00492,16-Aug-17,OB00054
1231,PC00495,16-Aug-17,OB00054
1232,PC00500,16-Aug-17,OB00054
1233,PC00508,16-Aug-17,OB00054
1234,PC00513,16-Aug-17,OB00054
1235,PC00514,16-Aug-17,OB00054
1236,PC00516,16-Aug-17,OB00054
1237,PC00517,16-Aug-17,OB00054
1238,PC00529,16-Aug-17,OB00054
1239,PC00532,16-Aug-17,OB00054
1240,PC00558,16-Aug-17,OB00054
1241,PC00559,16-Aug-17,OB00054
1242,PC00564,16-Aug-17,OB00054
1243,PC00565,16-Aug-17,OB00054
1244,PC00614,16-Aug-17,OB00054
1245,PC00615,16-Aug-17,OB00054
1246,PC00618,16-Aug-17,OB00054
1247,PC00619,16-Aug-17,OB00054
1248,PC00639,16-Aug-17,OB00054
1249,PC00644,16-Aug-17,OB00054
1250,PC00670,16-Aug-17,OB00054
1251,PC00783,16-Aug-17,OB00054
1252,PC00068,17-Aug-17,OB00058
1253,PC00096,17-Aug-17,OB00058
1254,PC00146,17-Aug-17,OB00058
1255,PC00148,17-Aug-17,OB00058
1256,PC00149,17-Aug-17,OB00056
1257,PC00150,17-Aug-17,OB00058
1258,PC00152,17-Aug-17,OB00056
1259,PC00153,17-Aug-17,OB00056
1260,PC00155,17-Aug-17,OB00058
1261,PC00157,17-Aug-17,OB00056
1262,PC00159,17-Aug-17,OB00056
1263,PC00162,17-Aug-17,OB00056
1264,PC00163,17-Aug-17,OB00056
1265,PC00164,17-Aug-17,OB00056
1266,PC00166,17-Aug-17,OB00056
1267,PC00169,17-Aug-17,OB00058
1268,PC00172,17-Aug-17,OB00058
1269,PC00176,17-Aug-17,OB00058
1270,PC00177,17-Aug-17,OB00057
1271,PC00183,17-Aug-17,OB00056
1272,PC00184,17-Aug-17,OB00056
1273,PC00185,17-Aug-17,OB00058
1274,PC00187,17-Aug-17,OB00058
1275,PC00190,17-Aug-17,OB00058
1276,PC00193,17-Aug-17,OB00056
1277,PC00196,17-Aug-17,OB00058
1278,PC00198,17-Aug-17,OB00058
1279,PC00200,17-Aug-17,OB00056
1280,PC00204,17-Aug-17,OB00056
1281,PC00205,17-Aug-17,OB00058
1282,PC00207,17-Aug-17,OB00058
1283,PC00208,17-Aug-17,OB00056
1284,PC00210,17-Aug-17,OB00058
1285,PC00211,17-Aug-17,OB00057
1286,PC00213,17-Aug-17,OB00058
1287,PC00214,17-Aug-17,OB00058
1288,PC00215,17-Aug-17,OB00056
1289,PC00216,17-Aug-17,OB00056
1290,PC00217,17-Aug-17,OB00056
1291,PC00219,17-Aug-17,OB00056
1292,PC00220,17-Aug-17,OB00056
1293,PC00221,17-Aug-17,OB00057
1294,PC00222,17-Aug-17,OB00058
1295,PC00223,17-Aug-17,OB00058
1296,PC00230,17-Aug-17,OB00056
1297,PC00231,17-Aug-17,OB00056
1298,PC00232,17-Aug-17,OB00056
1299,PC00237,17-Aug-17,OB00056
1300,PC00238,17-Aug-17,OB00058
1301,PC00239,17-Aug-17,OB00056
1302,PC00241,17-Aug-17,OB00058
1303,PC00242,17-Aug-17,OB00057
1304,PC00244,17-Aug-17,OB00056
1305,PC00245,17-Aug-17,OB00058
1306,PC00250,17-Aug-17,OB00058
1307,PC00252,17-Aug-17,OB00056
1308,PC00253,17-Aug-17,OB00058
1309,PC00254,17-Aug-17,OB00058
1310,PC00255,17-Aug-17,OB00058
1311,PC00256,17-Aug-17,OB00058
1312,PC00259,17-Aug-17,OB00056
1313,PC00263,17-Aug-17,OB00058
1314,PC00265,17-Aug-17,OB00056
1315,PC00268,17-Aug-17,OB00056
1316,PC00270,17-Aug-17,OB00058
1317,PC00271,17-Aug-17,OB00056
1318,PC00272,17-Aug-17,OB00058
1319,PC00275,17-Aug-17,OB00058
1320,PC00276,17-Aug-17,OB00058
1321,PC00280,17-Aug-17,OB00058
1322,PC00282,17-Aug-17,OB00056
1323,PC00284,17-Aug-17,OB00058
1324,PC00285,17-Aug-17,OB00058
1325,PC00286,17-Aug-17,OB00058
1326,PC00287,17-Aug-17,OB00056
1327,PC00288,17-Aug-17,OB00056
1328,PC00291,17-Aug-17,OB00056
1329,PC00297,17-Aug-17,OB00058
1330,PC00298,17-Aug-17,OB00056
1331,PC00304,17-Aug-17,OB00056
1332,PC00306,17-Aug-17,OB00058
1333,PC00307,17-Aug-17,OB00055
1334,PC00309,17-Aug-17,OB00056
1335,PC00310,17-Aug-17,OB00055
1336,PC00310,17-Aug-17,OB00056
1337,PC00311,17-Aug-17,OB00058
1338,PC00314,17-Aug-17,OB00058
1339,PC00315,17-Aug-17,OB00058
1340,PC00317,17-Aug-17,OB00058
1341,PC00321,17-Aug-17,OB00056
1342,PC00324,17-Aug-17,OB00058
1343,PC00326,17-Aug-17,OB00057
1344,PC00329,17-Aug-17,OB00055
1345,PC00329,17-Aug-17,OB00056
1346,PC00333,17-Aug-17,OB00056
1347,PC00335,17-Aug-17,OB00057
1348,PC00335,17-Aug-17,OB00057
1349,PC00336,17-Aug-17,OB00058
1350,PC00343,17-Aug-17,OB00056
1351,PC00344,17-Aug-17,OB00057
1352,PC00345,17-Aug-17,OB00058
1353,PC00346,17-Aug-17,OB00056
1354,PC00349,17-Aug-17,OB00056
1355,PC00350,17-Aug-17,OB00056
1356,PC00354,17-Aug-17,OB00056
1357,PC00357,17-Aug-17,OB00055
1358,PC00357,17-Aug-17,OB00056
1359,PC00358,17-Aug-17,OB00057
1360,PC00360,17-Aug-17,OB00056
1361,PC00361,17-Aug-17,OB00058
1362,PC00364,17-Aug-17,OB00058
1363,PC00365,17-Aug-17,OB00057
1364,PC00366,17-Aug-17,OB00058
1365,PC00367,17-Aug-17,OB00058
1366,PC00368,17-Aug-17,OB00058
1367,PC00369,17-Aug-17,OB00058
1368,PC00374,17-Aug-17,OB00056
1369,PC00375,17-Aug-17,OB00058
1370,PC00377,17-Aug-17,OB00057
1371,PC00380,17-Aug-17,OB00056
1372,PC00392,17-Aug-17,OB00058
1373,PC00393,17-Aug-17,OB00056
1374,PC00408,17-Aug-17,OB00058
1375,PC00415,17-Aug-17,OB00056
1376,PC00417,17-Aug-17,OB00058
1377,PC00421,17-Aug-17,OB00058
1378,PC00424,17-Aug-17,OB00058
1379,PC00445,17-Aug-17,OB00058
1380,PC00449,17-Aug-17,OB00057
1381,PC00450,17-Aug-17,OB00058
1382,PC00453,17-Aug-17,OB00057
1383,PC00459,17-Aug-17,OB00056
1384,PC00462,17-Aug-17,OB00058
1385,PC00464,17-Aug-17,OB00056
1386,PC00466,17-Aug-17,OB00058
1387,PC00473,17-Aug-17,OB00058
1388,PC00481,17-Aug-17,OB00057
1389,PC00482,17-Aug-17,OB00058
1390,PC00520,17-Aug-17,OB00056
1391,PC00524,17-Aug-17,OB00057
1392,PC00528,17-Aug-17,OB00057
1393,PC00530,17-Aug-17,OB00056
1394,PC00538,17-Aug-17,OB00056
1395,PC00544,17-Aug-17,OB00058
1396,PC00563,17-Aug-17,OB00055
1397,PC00563,17-Aug-17,OB00056
1398,PC00564,17-Aug-17,OB00058
1399,PC00612,17-Aug-17,OB00058
1400,PC00618,17-Aug-17,OB00058
1401,PC00779,17-Aug-17,OB00058
1402,PC00783,17-Aug-17,OB00058
1403,PC01156,17-Aug-17,OB00058
1404,PC00846,29-May-18,OB00061
1405,PC00846,29-May-18,OB00060
1406,PC00846,29-May-18,OB00062
1407,PC00864,29-May-18,OB00061
1408,PC00864,29-May-18,OB00062
1409,PC00864,29-May-18,OB00060
1410,PC00878,29-May-18,OB00061
1411,PC00878,29-May-18,OB00062
1412,PC00878,29-May-18,OB00060
1413,PC00891,29-May-18,OB00061
1414,PC00891,29-May-18,OB00060
1415,PC00891,29-May-18,OB00062
1416,PC00155,1-Jun-18,OB00063
1417,PC00161,1-Jun-18,OB00063
1418,PC00172,1-Jun-18,OB00063
1419,PC00179,1-Jun-18,OB00063
1420,PC00185,1-Jun-18,OB00063
1421,PC00210,1-Jun-18,OB00063
1422,PC00234,1-Jun-18,OB00063
1423,PC00249,1-Jun-18,OB00063
1424,PC00250,1-Jun-18,OB00063
1425,PC00253,1-Jun-18,OB00063
1426,PC00254,1-Jun-18,OB00063
1427,PC00255,1-Jun-18,OB00063
1428,PC00272,1-Jun-18,OB00063
1429,PC00283,1-Jun-18,OB00063
1430,PC00289,1-Jun-18,OB00063
1431,PC00299,1-Jun-18,OB00063
1432,PC00345,1-Jun-18,OB00063
1433,PC00367,1-Jun-18,OB00063
1434,PC00368,1-Jun-18,OB00063
1435,PC00391,1-Jun-18,OB00063
1436,PC00449,1-Jun-18,OB00063
1437,PC00454,1-Jun-18,OB00063
1438,PC00466,1-Jun-18,OB00063
1439,PC00513,1-Jun-18,OB00063
1440,PC00524,1-Jun-18,OB00063
1441,PC00544,1-Jun-18,OB00063
1442,PC00545,1-Jun-18,OB00063
1443,PC00604,1-Jun-18,OB00063
1444,PC00619,1-Jun-18,OB00063
1445,PC00783,1-Jun-18,OB00063
1446,PC00785,1-Jun-18,OB00063
1447,PC00786,1-Jun-18,OB00063
1448,PC00787,1-Jun-18,OB00063
1449,PC00788,1-Jun-18,OB00063
1450,PC00789,1-Jun-18,OB00063
1451,PC00790,1-Jun-18,OB00063
1452,PC00792,1-Jun-18,OB00063
1453,PC00793,1-Jun-18,OB00063
1454,PC00840,1-Jun-18,OB00063
1455,PC00857,1-Jun-18,OB00063
1456,PC00862,1-Jun-18,OB00063
1457,PC00873,1-Jun-18,OB00063
1458,PC00835,2-Jun-18,OB00064
1459,PC00835,2-Jun-18,OB00065
1460,PC00858,2-Jun-18,OB00064
1461,PC00858,2-Jun-18,OB00065
1462,PC00874,2-Jun-18,OB00064
1463,PC00874,2-Jun-18,OB00065
1464,PC00886,2-Jun-18,OB00064
1465,PC00886,2-Jun-18,OB00065
1466,PC00896,2-Jun-18,OB00064
1467,PC00896,2-Jun-18,OB00065
1468,PC00902,2-Jun-18,OB00064
1469,PC00902,2-Jun-18,OB00065
1470,PC00908,2-Jun-18,OB00064
1471,PC00908,2-Jun-18,OB00065
1472,PC00911,2-Jun-18,OB00064
1473,PC00911,2-Jun-18,OB00065
1474,PC00242,5-Jun-18,OB00066
1475,PC00453,5-Jun-18,OB00066
1476,PC00478,5-Jun-18,OB00066
1477,PC00549,5-Jun-18,OB00066
1478,PC00242,7-Jun-18,OB00068
1479,PC00242,7-Jun-18,OB00067
1480,PC00335,7-Jun-18,OB00067
1481,PC00794,7-Jun-18,OB00069
1482,PC00794,7-Jun-18,OB00068
1483,PC00795,7-Jun-18,OB00069
1484,PC00795,7-Jun-18,OB00068
1485,PC00796,7-Jun-18,OB00069
1486,PC00796,7-Jun-18,OB00068
1487,PC00797,7-Jun-18,OB00068
1488,PC00797,7-Jun-18,OB00069
1489,PC00832,7-Jun-18,OB00069
1490,PC00832,7-Jun-18,OB00068
1491,PC00855,7-Jun-18,OB00069
1492,PC00855,7-Jun-18,OB00068
1493,PC00859,7-Jun-18,OB00068
1494,PC00859,7-Jun-18,OB00067
1495,PC00871,7-Jun-18,OB00068
1496,PC00871,7-Jun-18,OB00069
1497,PC00875,7-Jun-18,OB00068
1498,PC00875,7-Jun-18,OB00067
1499,PC00887,7-Jun-18,OB00068
1500,PC00887,7-Jun-18,OB00067
1501,PC00897,7-Jun-18,OB00067
1502,PC00903,7-Jun-18,OB00067
1503,PC00264,13-Jun-18,OB00073
1504,PC00819,13-Jun-18,OB00072
1505,PC00820,13-Jun-18,OB00072
1506,PC00821,13-Jun-18,OB00073
1507,PC00822,13-Jun-18,OB00073
1508,PC00829,13-Jun-18,OB00072
1509,PC00830,13-Jun-18,OB00073
1510,PC00844,13-Jun-18,OB00073
1511,PC00847,13-Jun-18,OB00073
1512,PC00851,13-Jun-18,OB00072
1513,PC00852,13-Jun-18,OB00073
1514,PC00856,13-Jun-18,OB00073
1515,PC00869,13-Jun-18,OB00073
1516,PC00870,13-Jun-18,OB00072
1517,PC00872,13-Jun-18,OB00073
1518,PC00884,13-Jun-18,OB00072
1519,PC00885,13-Jun-18,OB00073
1520,PC00895,13-Jun-18,OB00073
1521,PC00900,13-Jun-18,OB00072
1522,PC00901,13-Jun-18,OB00073
1523,PC00907,13-Jun-18,OB00073
1524,PC00910,13-Jun-18,OB00073
1525,PC00913,13-Jun-18,OB00073
1526,PC00915,13-Jun-18,OB00073
1527,PC00918,13-Jun-18,OB00073
1528,PC00920,13-Jun-18,OB00073
1529,PC00922,13-Jun-18,OB00073
1530,PC00926,13-Jun-18,OB00073
1531,PC00928,13-Jun-18,OB00073
1532,PC00930,13-Jun-18,OB00073
1533,PC01141,13-Jun-18,OB00073
1534,PC01157,13-Jun-18,OB00073
1535,PC00225,17-Jun-18,OB00075
1536,PC00225,17-Jun-18,OB00074
1537,PC00664,17-Jun-18,OB00075
1538,PC00664,17-Jun-18,OB00074
1539,PC00694,17-Jun-18,OB00074
1540,PC00694,17-Jun-18,OB00075
1541,PC00798,17-Jun-18,OB00075
1542,PC00798,17-Jun-18,OB00074
1543,PC00799,17-Jun-18,OB00075
1544,PC00799,17-Jun-18,OB00074
1545,PC00800,17-Jun-18,OB00075
1546,PC00800,17-Jun-18,OB00074
1547,PC00801,17-Jun-18,OB00075
1548,PC00801,17-Jun-18,OB00074
1549,PC00802,17-Jun-18,OB00075
1550,PC00802,17-Jun-18,OB00074
1551,PC00803,17-Jun-18,OB00075
1552,PC00803,17-Jun-18,OB00074
1553,PC00804,17-Jun-18,OB00075
1554,PC00804,17-Jun-18,OB00074
1555,PC00805,17-Jun-18,OB00075
1556,PC00805,17-Jun-18,OB00074
1557,PC00806,17-Jun-18,OB00075
1558,PC00806,17-Jun-18,OB00074
1559,PC00825,17-Jun-18,OB00075
1560,PC00825,17-Jun-18,OB00074
1561,PC00841,17-Jun-18,OB00075
1562,PC00841,17-Jun-18,OB00074
1563,PC00850,17-Jun-18,OB00075
1564,PC00850,17-Jun-18,OB00074
1565,PC00863,17-Jun-18,OB00075
1566,PC00863,17-Jun-18,OB00074
1567,PC00868,17-Jun-18,OB00075
1568,PC00868,17-Jun-18,OB00074
1569,PC00883,17-Jun-18,OB00075
1570,PC00883,17-Jun-18,OB00074
1571,PC00899,17-Jun-18,OB00075
1572,PC00899,17-Jun-18,OB00074
1573,PC00906,17-Jun-18,OB00075
1574,PC00906,17-Jun-18,OB00074
1575,PC00909,17-Jun-18,OB00075
1576,PC00909,17-Jun-18,OB00074
1577,PC00912,17-Jun-18,OB00075
1578,PC00912,17-Jun-18,OB00074
1579,PC00914,17-Jun-18,OB00075
1580,PC00914,17-Jun-18,OB00074
1581,PC00916,17-Jun-18,OB00075
1582,PC00916,17-Jun-18,OB00074
1583,PC00917,17-Jun-18,OB00075
1584,PC00917,17-Jun-18,OB00074
1585,PC00919,17-Jun-18,OB00075
1586,PC00919,17-Jun-18,OB00074
1587,PC00921,17-Jun-18,OB00075
1588,PC00921,17-Jun-18,OB00074
1589,PC00923,17-Jun-18,OB00075
1590,PC00923,17-Jun-18,OB00074
1591,PC00925,17-Jun-18,OB00075
1592,PC00925,17-Jun-18,OB00074
1593,PC00927,17-Jun-18,OB00075
1594,PC00927,17-Jun-18,OB00074
1595,PC00929,17-Jun-18,OB00075
1596,PC00929,17-Jun-18,OB00074
1597,PC00931,17-Jun-18,OB00075
1598,PC00931,17-Jun-18,OB00074
1599,PC00932,17-Jun-18,OB00075
1600,PC00932,17-Jun-18,OB00074
1601,PC00933,17-Jun-18,OB00075
1602,PC00933,17-Jun-18,OB00074
1603,PC01146,17-Jun-18,OB00075
1604,PC01146,17-Jun-18,OB00074
1605,PC00522,18-Jun-18,OB00076
1606,PC00826,18-Jun-18,OB00076
1607,PC00863,18-Jun-18,OB00077
1608,PC00883,18-Jun-18,OB00077
1609,PC00899,18-Jun-18,OB00077
1610,PC00916,18-Jun-18,OB00077
1611,PC00582,19-Jun-18,OB00078
1612,PC00583,19-Jun-18,OB00078
1613,PC00807,20-Jun-18,OB00080
1614,PC00807,20-Jun-18,OB00079
1615,PC00808,20-Jun-18,OB00080
1616,PC00808,20-Jun-18,OB00079
1617,//PC00946//,28-Jun-18,OB00081
1618,PC00205,28-Jun-18,OB00081
1619,PC00221,28-Jun-18,OB00081
1620,PC00295,28-Jun-18,OB00081
1621,PC00358,28-Jun-18,OB00081
1622,PC00404,28-Jun-18,OB00081
1623,PC00428,28-Jun-18,OB00081
1624,PC00458,28-Jun-18,OB00081
1625,PC00509,28-Jun-18,OB00081
1626,PC00533,28-Jun-18,OB00081
1627,PC00554,28-Jun-18,OB00081
1628,PC00607,28-Jun-18,OB00081
1629,PC00813,28-Jun-18,OB00081
1630,PC00814,28-Jun-18,OB00081
1631,PC00817,28-Jun-18,OB00081
1632,PC00818,28-Jun-18,OB00081
1633,PC00827,28-Jun-18,OB00081
1634,PC00836,28-Jun-18,OB00081
1635,PC00877,28-Jun-18,OB00081
1636,PC00898,28-Jun-18,OB00081
1637,PC00904,28-Jun-18,OB00081
1638,PC00205,29-Jun-18,OB00084
1639,PC00211,29-Jun-18,OB00084
1640,PC00263,29-Jun-18,OB00084
1641,PC00275,29-Jun-18,OB00084
1642,PC00313,29-Jun-18,OB00084
1643,PC00377,29-Jun-18,OB00084
1644,PC00400,29-Jun-18,OB00084
1645,PC00417,29-Jun-18,OB00084
1646,PC00421,29-Jun-18,OB00084
1647,PC00564,29-Jun-18,OB00084
1648,PC00592,29-Jun-18,OB00084
1649,PC00785,29-Jun-18,OB00084
1650,PC00786,29-Jun-18,OB00084
1651,PC00834,29-Jun-18,OB00082
1652,PC00843,29-Jun-18,OB00082
1653,PC00845,29-Jun-18,OB00084
1654,PC00946,29-Jun-18,OB00084
1655,PC00975,29-Jun-18,OB00083
1656,PC00978,29-Jun-18,OB00084
1657,PC01156,29-Jun-18,OB00084
1658,PC00828,30-Jun-18,OB00085
1659,PC00034,1-Jul-18,OB00086
1660,PC00982,1-Jul-18,OB00086
1661,PC00984,1-Jul-18,OB00086
1662,PC00985,1-Jul-18,OB00086
1663,PC00986,1-Jul-18,OB00086
1664,PC00987,1-Jul-18,OB00086
1665,PC00988,1-Jul-18,OB00086
1666,PC01001,1-Jul-18,OB00086
1667,PC01003,1-Jul-18,OB00086
1668,PC01004,1-Jul-18,OB00086
1669,PC01013,1-Jul-18,OB00086
1670,PC01014,1-Jul-18,OB00086
1671,PC01015,1-Jul-18,OB00086
1672,PC00991,2-Jul-18,OB00087
1673,PC00063,3-Jul-18,OB00093
1674,PC00132,3-Jul-18,OB00089
1675,PC00155,3-Jul-18,OB00089
1676,PC00155,3-Jul-18,OB00088
1677,PC00190,3-Jul-18,OB00089
1678,PC00192,3-Jul-18,OB00093
1679,PC00196,3-Jul-18,OB00089
1680,PC00198,3-Jul-18,OB00089
1681,PC00198,3-Jul-18,OB00088
1682,PC00199,3-Jul-18,OB00089
1683,PC00199,3-Jul-18,OB00088
1684,PC00200,3-Jul-18,OB00093
1685,PC00249,3-Jul-18,OB00089
1686,PC00249,3-Jul-18,OB00088
1687,PC00254,3-Jul-18,OB00089
1688,PC00254,3-Jul-18,OB00088
1689,PC00258,3-Jul-18,OB00093
1690,PC00276,3-Jul-18,OB00089
1691,PC00283,3-Jul-18,OB00089
1692,PC00283,3-Jul-18,OB00088
1693,PC00303,3-Jul-18,OB00089
1694,PC00303,3-Jul-18,OB00088
1695,PC00314,3-Jul-18,OB00089
1696,PC00314,3-Jul-18,OB00088
1697,PC00340,3-Jul-18,OB00089
1698,PC00340,3-Jul-18,OB00088
1699,PC00361,3-Jul-18,OB00089
1700,PC00361,3-Jul-18,OB00088
1701,PC00369,3-Jul-18,OB00089
1702,PC00392,3-Jul-18,OB00089
1703,PC00429,3-Jul-18,OB00092
1704,PC00431,3-Jul-18,OB00093
1705,PC00470,3-Jul-18,OB00089
1706,PC00470,3-Jul-18,OB00088
1707,PC00517,3-Jul-18,OB00089
1708,PC00517,3-Jul-18,OB00088
1709,PC00527,3-Jul-18,OB00089
1710,PC00527,3-Jul-18,OB00088
1711,PC00572,3-Jul-18,OB00093
1712,PC00604,3-Jul-18,OB00089
1713,PC00619,3-Jul-18,OB00089
1714,PC00619,3-Jul-18,OB00088
1715,PC00641,3-Jul-18,OB00092
1716,PC00721,3-Jul-18,OB00093
1717,PC00764,3-Jul-18,OB00093
1718,PC00767,3-Jul-18,OB00093
1719,PC00770,3-Jul-18,OB00093
1720,PC00785,3-Jul-18,OB00089
1721,PC00785,3-Jul-18,OB00088
1722,PC00792,3-Jul-18,OB00089
1723,PC00792,3-Jul-18,OB00088
1724,PC00793,3-Jul-18,OB00089
1725,PC00793,3-Jul-18,OB00088
1726,PC00798,3-Jul-18,OB00093
1727,PC00799,3-Jul-18,OB00093
1728,PC00816,3-Jul-18,OB00089
1729,PC00816,3-Jul-18,OB00088
1730,PC00853,3-Jul-18,OB00093
1731,PC00867,3-Jul-18,OB00093
1732,PC00879,3-Jul-18,OB00093
1733,PC00883,3-Jul-18,OB00090
1734,PC00883,3-Jul-18,OB00091
1735,PC00890,3-Jul-18,OB00093
1736,PC00893,3-Jul-18,OB00093
1737,PC00899,3-Jul-18,OB00091
1738,PC00899,3-Jul-18,OB00090
1739,PC00916,3-Jul-18,OB00090
1740,PC00916,3-Jul-18,OB00091
1741,PC00934,3-Jul-18,OB00093
1742,PC00957,3-Jul-18,OB00093
1743,PC00964,3-Jul-18,OB00093
1744,PC00993,3-Jul-18,OB00089
1745,PC00993,3-Jul-18,OB00088
1746,PC01028,3-Jul-18,OB00093
1747,PC01035,3-Jul-18,OB00093
1748,PC01051,3-Jul-18,OB00093
1749,PC01052,3-Jul-18,OB00093
1750,PC01097,3-Jul-18,OB00089
1751,PC01098,3-Jul-18,OB00089
1752,PC01133,3-Jul-18,OB00093
1753,PC01145,3-Jul-18,OB00093
1754,PC01150,3-Jul-18,OB00093
1755,PC01495,3-Jul-18,OB00089
1756,PC01495,3-Jul-18,OB00088
1757,PC01522,3-Jul-18,OB00093
1758,PC01523,3-Jul-18,OB00093
1759,PC01524,3-Jul-18,OB00093
1760,PC01525,3-Jul-18,OB00093
1761,PC01797,3-Jul-18,OB00093
1762,PC01801,3-Jul-18,OB00093
1763,PC01802,3-Jul-18,OB00093
1764,PC00192,4-Jul-18,OB00094
1765,PC00200,4-Jul-18,OB00094
1766,PC00258,4-Jul-18,OB00094
1767,PC00292,4-Jul-18,OB00094
1768,PC00431,4-Jul-18,OB00094
1769,PC00515,4-Jul-18,OB00094
1770,PC00572,4-Jul-18,OB00094
1771,PC00597,4-Jul-18,OB00094
1772,PC00686,4-Jul-18,OB00094
1773,PC00689,4-Jul-18,OB00094
1774,PC00706,4-Jul-18,OB00094
1775,PC00721,4-Jul-18,OB00094
1776,PC00723,4-Jul-18,OB00094
1777,PC00754,4-Jul-18,OB00094
1778,PC00764,4-Jul-18,OB00094
1779,PC00767,4-Jul-18,OB00094
1780,PC00770,4-Jul-18,OB00094
1781,PC00798,4-Jul-18,OB00094
1782,PC00799,4-Jul-18,OB00094
1783,PC00853,4-Jul-18,OB00094
1784,PC00867,4-Jul-18,OB00094
1785,PC00879,4-Jul-18,OB00094
1786,PC00890,4-Jul-18,OB00094
1787,PC00893,4-Jul-18,OB00094
1788,PC00917,4-Jul-18,OB00094
1789,PC00934,4-Jul-18,OB00094
1790,PC00957,4-Jul-18,OB00094
1791,PC00964,4-Jul-18,OB00094
1792,PC01055,4-Jul-18,OB00094
1793,PC01061,4-Jul-18,OB00094
1794,PC01062,4-Jul-18,OB00094
1795,PC01072,4-Jul-18,OB00094
1796,PC01090,4-Jul-18,OB00094
1797,PC01133,4-Jul-18,OB00094
1798,PC01142,4-Jul-18,OB00094
1799,PC01144,4-Jul-18,OB00094
1800,PC01145,4-Jul-18,OB00094
1801,PC01148,4-Jul-18,OB00094
1802,PC01149,4-Jul-18,OB00094
1803,PC01150,4-Jul-18,OB00094
1804,PC01152,4-Jul-18,OB00094
1805,PC01798,4-Jul-18,OB00094
1806,PC01801,4-Jul-18,OB00094
1807,PC01802,4-Jul-18,OB00094
1808,PC00456,5-Jul-18,OB00096
1809,PC00460,5-Jul-18,OB00095
1810,PC00632,5-Jul-18,OB00096
1811,PC00906,5-Jul-18,OB00097
1812,PC00909,5-Jul-18,OB00097
1813,PC00912,5-Jul-18,OB00097
1814,PC00914,5-Jul-18,OB00097
1815,PC00917,5-Jul-18,OB00097
1816,PC00939,5-Jul-18,OB00095
1817,PC00989,5-Jul-18,OB00095
1818,PC00990,5-Jul-18,OB00095
1819,PC00994,5-Jul-18,OB00095
1820,PC00995,5-Jul-18,OB00095
1821,PC00996,5-Jul-18,OB00095
1822,PC01002,5-Jul-18,OB00095
1823,PC01005,5-Jul-18,OB00095
1824,PC01006,5-Jul-18,OB00095
1825,PC01007,5-Jul-18,OB00095
1826,PC01008,5-Jul-18,OB00095
1827,PC01011,5-Jul-18,OB00095
1828,PC01012,5-Jul-18,OB00095
1829,PC01020,5-Jul-18,OB00096
1830,PC01050,5-Jul-18,OB00097
1831,PC01053,5-Jul-18,OB00097
1832,PC01055,5-Jul-18,OB00097
1833,PC01061,5-Jul-18,OB00097
1834,PC01062,5-Jul-18,OB00097
1835,PC01072,5-Jul-18,OB00097
1836,PC01090,5-Jul-18,OB00097
1837,PC01095,5-Jul-18,OB00097
1838,PC01102,5-Jul-18,OB00097
1839,PC01148,5-Jul-18,OB00097
1840,PC01544,5-Jul-18,OB00095
1841,PC01545,5-Jul-18,OB00095
1842,PC01546,5-Jul-18,OB00095
1843,PC01547,5-Jul-18,OB00095
1844,PC01548,5-Jul-18,OB00095
1845,PC01549,5-Jul-18,OB00095
1846,PC01552,5-Jul-18,OB00095
1847,PC01553,5-Jul-18,OB00095
1848,PC01554,5-Jul-18,OB00095
1849,PC01555,5-Jul-18,OB00095
1850,PC01556,5-Jul-18,OB00095
1851,PC01557,5-Jul-18,OB00095
1852,PC01558,5-Jul-18,OB00095
1853,PC01560,5-Jul-18,OB00095
1854,PC01561,5-Jul-18,OB00095
1855,PC01562,5-Jul-18,OB00095
1856,PC01563,5-Jul-18,OB00095
1857,PC01564,5-Jul-18,OB00095
1858,PC01565,5-Jul-18,OB00095
1859,PC01566,5-Jul-18,OB00095
1860,PC01567,5-Jul-18,OB00095
1861,PC01568,5-Jul-18,OB00095
1862,PC01569,5-Jul-18,OB00095
1863,PC01570,5-Jul-18,OB00095
1864,PC01571,5-Jul-18,OB00095
1865,PC01572,5-Jul-18,OB00095
1866,PC01573,5-Jul-18,OB00095
1867,PC01798,5-Jul-18,OB00097
1868,PC00213,9-Jul-18,OB00102
1869,PC00238,9-Jul-18,OB00102
1870,PC00270,9-Jul-18,OB00102
1871,PC00361,9-Jul-18,OB00099
1872,PC00361,9-Jul-18,OB00098
1873,PC00438,9-Jul-18,OB00102
1874,PC00482,9-Jul-18,OB00099
1875,PC00482,9-Jul-18,OB00098
1876,PC00484,9-Jul-18,OB00099
1877,PC00484,9-Jul-18,OB00098
1878,PC00582,9-Jul-18,OB00098
1879,PC00583,9-Jul-18,OB00098
1880,PC00599,9-Jul-18,OB00102
1881,PC00600,9-Jul-18,OB00102
1882,PC00746,9-Jul-18,OB00100
1883,PC00798,9-Jul-18,OB00100
1884,PC00799,9-Jul-18,OB00100
1885,PC00861,9-Jul-18,OB00102
1886,PC00883,9-Jul-18,OB00099
1887,PC00883,9-Jul-18,OB00098
1888,PC00899,9-Jul-18,OB00099
1889,PC00899,9-Jul-18,OB00098
1890,PC00916,9-Jul-18,OB00099
1891,PC00916,9-Jul-18,OB00098
1892,PC00939,9-Jul-18,OB00099
1893,PC00939,9-Jul-18,OB00098
1894,PC00945,9-Jul-18,OB00100
1895,PC00953,9-Jul-18,OB00100
1896,PC00969,9-Jul-18,OB00102
1897,PC00970,9-Jul-18,OB00100
1898,PC00976,9-Jul-18,OB00100
1899,PC00993,9-Jul-18,OB00099
1900,PC00993,9-Jul-18,OB00098
1901,PC00999,9-Jul-18,OB00100
1902,PC01000,9-Jul-18,OB00100
1903,PC01009,9-Jul-18,OB00102
1904,PC01017,9-Jul-18,OB00100
1905,PC01025,9-Jul-18,OB00100
1906,PC01026,9-Jul-18,OB00102
1907,PC01049,9-Jul-18,OB00100
1908,PC01056,9-Jul-18,OB00102
1909,PC01058,9-Jul-18,OB00100
1910,PC01103,9-Jul-18,OB00098
1911,PC01105,9-Jul-18,OB00098
1912,PC01112,9-Jul-18,OB00098
1913,PC01417,9-Jul-18,OB00098
1914,PC01527,9-Jul-18,OB00098
1915,PC00835,10-Jul-18,OB00103
1916,PC00874,10-Jul-18,OB00103
1917,PC00908,10-Jul-18,OB00103
1918,PC00911,10-Jul-18,OB00103
1919,PC01073,10-Jul-18,OB00103
1920,PC01082,10-Jul-18,OB00103
1921,//PC00810//,14-Jul-18,OB00106
1922,//PC01128//,14-Jul-18,OB00106
1923,PC00068,14-Jul-18,OB00105
1924,PC00096,14-Jul-18,OB00106
1925,PC00172,14-Jul-18,OB00106
1926,PC00214,14-Jul-18,OB00106
1927,PC00262,14-Jul-18,OB00107
1928,PC00262,14-Jul-18,OB00106
1929,PC00274,14-Jul-18,OB00105
1930,PC00275,14-Jul-18,OB00107
1931,PC00301,14-Jul-18,OB00106
1932,PC00305,14-Jul-18,OB00106
1933,PC00315,14-Jul-18,OB00106
1934,PC00324,14-Jul-18,OB00106
1935,PC00417,14-Jul-18,OB00107
1936,PC00421,14-Jul-18,OB00107
1937,PC00445,14-Jul-18,OB00106
1938,PC00454,14-Jul-18,OB00106
1939,PC00474,14-Jul-18,OB00106
1940,PC00550,14-Jul-18,OB00106
1941,PC00591,14-Jul-18,OB00108
1942,PC00593,14-Jul-18,OB00108
1943,PC00609,14-Jul-18,OB00106
1944,PC00636,14-Jul-18,OB00106
1945,PC00787,14-Jul-18,OB00106
1946,PC00788,14-Jul-18,OB00106
1947,PC00809,14-Jul-18,OB00106
1948,PC00809,14-Jul-18,OB00107
1949,PC00809,14-Jul-18,OB00104
1950,PC00810,14-Jul-18,OB00104
1951,PC00810,14-Jul-18,OB00107
1952,PC00811,14-Jul-18,OB00106
1953,PC00812,14-Jul-18,OB00106
1954,PC00824,14-Jul-18,OB00104
1955,PC00831,14-Jul-18,OB00106
1956,PC00854,14-Jul-18,OB00106
1957,PC01491,14-Jul-18,OB00105
1958,PC00294,15-Jul-18,OB00110
1959,PC00966,15-Jul-18,OB00109
1960,PC00967,15-Jul-18,OB00109
1961,PC01018,15-Jul-18,OB00110
1962,PC01018,15-Jul-18,OB00109
1963,PC01036,15-Jul-18,OB00110
1964,PC01037,15-Jul-18,OB00110
1965,PC01041,15-Jul-18,OB00109
1966,PC01041,15-Jul-18,OB00110
1967,PC01042,15-Jul-18,OB00110
1968,PC01042,15-Jul-18,OB00109
1969,PC01088,15-Jul-18,OB00110
1970,PC01528,15-Jul-18,OB00110
1971,PC01528,15-Jul-18,OB00109
1972,PC01530,15-Jul-18,OB00109
1973,PC01531,15-Jul-18,OB00109
1974,PC01532,15-Jul-18,OB00109
1975,PC01533,15-Jul-18,OB00109
1976,PC01534,15-Jul-18,OB00109
1977,PC01535,15-Jul-18,OB00109
1978,PC01536,15-Jul-18,OB00109
1979,PC01537,15-Jul-18,OB00109
1980,PC01538,15-Jul-18,OB00109
1981,PC01539,15-Jul-18,OB00109
1982,PC01540,15-Jul-18,OB00109
1983,PC00242,16-Jul-18,OB00111
1984,PC00878,16-Jul-18,OB00111
1985,PC01542,16-Jul-18,OB00111
1986,PC00429,19-Jul-18,OB00112
1987,PC00641,19-Jul-18,OB00112
1988,PC00250,28-Jul-18,OB00115
1989,PC00250,28-Jul-18,OB00114
1990,PC00253,28-Jul-18,OB00115
1991,PC00253,28-Jul-18,OB00114
1992,PC00397,28-Jul-18,OB00113
1993,PC00466,28-Jul-18,OB00114
1994,PC00466,28-Jul-18,OB00115
1995,PC00914,28-Jul-18,OB00117
1996,PC00917,28-Jul-18,OB00117
1997,PC00225,29-Jul-18,OB00118
1998,PC00341,29-Jul-18,OB00118
1999,PC00578,29-Jul-18,OB00118
2000,PC00589,29-Jul-18,OB00118
2001,PC00665,29-Jul-18,OB00118
2002,PC00670,29-Jul-18,OB00118
2003,PC00671,29-Jul-18,OB00118
2004,PC00802,29-Jul-18,OB00118
2005,PC00803,29-Jul-18,OB00118
2006,PC00853,29-Jul-18,OB00118
2007,PC00860,29-Jul-18,OB00118
2008,PC00882,29-Jul-18,OB00118
2009,PC00883,29-Jul-18,OB00118
2010,PC00883,29-Jul-18,OB00119
2011,PC00899,29-Jul-18,OB00119
2012,PC00899,29-Jul-18,OB00118
2013,PC00914,29-Jul-18,OB00118
2014,PC00916,29-Jul-18,OB00118
2015,PC00916,29-Jul-18,OB00119
2016,PC00917,29-Jul-18,OB00118
2017,PC00925,29-Jul-18,OB00118
2018,PC00934,29-Jul-18,OB00118
2019,PC00934,29-Jul-18,OB00119
2020,PC00935,29-Jul-18,OB00118
2021,PC00936,29-Jul-18,OB00118
2022,PC00937,29-Jul-18,OB00118
2023,PC00938,29-Jul-18,OB00118
2024,PC00939,29-Jul-18,OB00119
2025,PC00939,29-Jul-18,OB00118
2026,PC00940,29-Jul-18,OB00119
2027,PC00940,29-Jul-18,OB00118
2028,PC00941,29-Jul-18,OB00118
2029,PC00942,29-Jul-18,OB00118
2030,PC00943,29-Jul-18,OB00118
2031,PC00944,29-Jul-18,OB00118
2032,PC00948,29-Jul-18,OB00118
2033,PC00949,29-Jul-18,OB00118
2034,PC00950,29-Jul-18,OB00118
2035,PC00951,29-Jul-18,OB00119
2036,PC00951,29-Jul-18,OB00118
2037,PC00952,29-Jul-18,OB00119
2038,PC00952,29-Jul-18,OB00118
2039,PC00954,29-Jul-18,OB00118
2040,PC00956,29-Jul-18,OB00118
2041,PC00957,29-Jul-18,OB00118
2042,PC00958,29-Jul-18,OB00118
2043,PC00959,29-Jul-18,OB00118
2044,PC00961,29-Jul-18,OB00118
2045,PC00962,29-Jul-18,OB00118
2046,PC00963,29-Jul-18,OB00118
2047,PC00964,29-Jul-18,OB00118
2048,PC01258,29-Jul-18,OB00118
2049,PC00453,3-Aug-18,OB00120
2050,PC00897,3-Aug-18,OB00121
2051,PC00992,3-Aug-18,OB00121
2052,PC01173,3-Aug-18,OB00120
2053,PC01491,3-Aug-18,OB00120
2054,PC00200,5-Aug-18,OB00122
2055,PC00200,5-Aug-18,OB00123
2056,PC00211,5-Aug-18,OB00125
2057,PC00295,5-Aug-18,OB00125
2058,PC00428,5-Aug-18,OB00125
2059,PC00533,5-Aug-18,OB00125
2060,PC00664,5-Aug-18,OB00122
2061,PC00664,5-Aug-18,OB00123
2062,PC00694,5-Aug-18,OB00123
2063,PC00694,5-Aug-18,OB00122
2064,PC00707,5-Aug-18,OB00124
2065,PC00887,5-Aug-18,OB00124
2066,PC00938,5-Aug-18,OB00123
2067,PC00938,5-Aug-18,OB00122
2068,PC00965,5-Aug-18,OB00125
2069,PC01019,5-Aug-18,OB00122
2070,PC01019,5-Aug-18,OB00123
2071,PC01022,5-Aug-18,OB00123
2072,PC01022,5-Aug-18,OB00122
2073,PC01047,5-Aug-18,OB00122
2074,PC01047,5-Aug-18,OB00123
2075,PC01051,5-Aug-18,OB00122
2076,PC01051,5-Aug-18,OB00123
2077,PC01052,5-Aug-18,OB00122
2078,PC01052,5-Aug-18,OB00123
2079,PC01065,5-Aug-18,OB00122
2080,PC01065,5-Aug-18,OB00123
2081,PC01066,5-Aug-18,OB00122
2082,PC01066,5-Aug-18,OB00123
2083,PC01070,5-Aug-18,OB00122
2084,PC01070,5-Aug-18,OB00123
2085,PC01071,5-Aug-18,OB00122
2086,PC01071,5-Aug-18,OB00123
2087,PC01084,5-Aug-18,OB00124
2088,PC01085,5-Aug-18,OB00124
2089,PC01087,5-Aug-18,OB00122
2090,PC01087,5-Aug-18,OB00123
2091,PC01107,5-Aug-18,OB00122
2092,PC01107,5-Aug-18,OB00123
2093,PC01108,5-Aug-18,OB00122
2094,PC01108,5-Aug-18,OB00123
2095,PC01132,5-Aug-18,OB00124
2096,PC01158,5-Aug-18,OB00124
2097,PC01258,5-Aug-18,OB00123
2098,PC01258,5-Aug-18,OB00122
2099,PC01273,5-Aug-18,OB00124
2100,PC01483,5-Aug-18,OB00125
2101,PC01485,5-Aug-18,OB00125
2102,PC01490,5-Aug-18,OB00125
2103,PC01500,5-Aug-18,OB00122
2104,PC01500,5-Aug-18,OB00123
2105,PC01508,5-Aug-18,OB00124
2106,//PC00973//,6-Aug-18,OB00128
2107,PC00233,6-Aug-18,OB00128
2108,PC00284,6-Aug-18,OB00128
2109,PC00423,6-Aug-18,OB00126
2110,PC00997,6-Aug-18,OB00127
2111,PC00997,6-Aug-18,OB00128
2112,PC01253,6-Aug-18,OB00127
2113,PC01253,6-Aug-18,OB00128
2114,PC01399,6-Aug-18,OB00126
2115,PC01509,6-Aug-18,OB00126
2116,PC01510,6-Aug-18,OB00126
2117,PC01511,6-Aug-18,OB00126
2118,PC01512,6-Aug-18,OB00126
2119,PC01513,6-Aug-18,OB00126
2120,PC01514,6-Aug-18,OB00127
2121,PC01514,6-Aug-18,OB00128
2122,PC01515,6-Aug-18,OB00128
2123,PC01516,6-Aug-18,OB00127
2124,PC01516,6-Aug-18,OB00128
2125,PC01519,6-Aug-18,OB00126
2126,PC01520,6-Aug-18,OB00126
2127,PC01521,6-Aug-18,OB00126
2128,PC00558,7-Aug-18,OB00129
2129,PC00591,7-Aug-18,OB00130
2130,PC00593,7-Aug-18,OB00130
2131,PC00397,13-Aug-18,OB00131
2132,PC00397,13-Aug-18,OB00132
2133,PC00397,13-Aug-18,OB00133
2134,PC00398,13-Aug-18,OB00131
2135,PC00398,13-Aug-18,OB00132
2136,PC00398,13-Aug-18,OB00133
2137,PC00176,14-Aug-18,OB00134
2138,PC00196,14-Aug-18,OB00134
2139,PC00233,14-Aug-18,OB00134
2140,PC00263,14-Aug-18,OB00134
2141,PC00273,14-Aug-18,OB00134
2142,PC00276,14-Aug-18,OB00134
2143,PC00285,14-Aug-18,OB00134
2144,PC00295,14-Aug-18,OB00134
2145,PC00296,14-Aug-18,OB00134
2146,PC00313,14-Aug-18,OB00134
2147,PC00336,14-Aug-18,OB00134
2148,PC00369,14-Aug-18,OB00134
2149,PC00462,14-Aug-18,OB00134
2150,PC00474,14-Aug-18,OB00134
2151,PC00528,14-Aug-18,OB00134
2152,PC00535,14-Aug-18,OB00134
2153,PC00562,14-Aug-18,OB00134
2154,PC00592,14-Aug-18,OB00134
2155,PC00609,14-Aug-18,OB00134
2156,PC00618,14-Aug-18,OB00134
2157,PC00629,14-Aug-18,OB00134
2158,PC00630,14-Aug-18,OB00134
2159,PC00636,14-Aug-18,OB00134
2160,PC00817,14-Aug-18,OB00134
2161,PC00818,14-Aug-18,OB00134
2162,PC00839,14-Aug-18,OB00134
2163,PC00876,14-Aug-18,OB00134
2164,PC00881,14-Aug-18,OB00134
2165,PC00888,14-Aug-18,OB00134
2166,PC00965,14-Aug-18,OB00134
2167,PC01113,14-Aug-18,OB00134
2168,PC01134,14-Aug-18,OB00134
2169,PC01156,14-Aug-18,OB00134
2170,//PC00303//,15-Aug-18,OB00135
2171,//PC00417//,15-Aug-18,OB00135
2172,PC00068,15-Aug-18,OB00135
2173,PC00096,15-Aug-18,OB00135
2174,PC00132,15-Aug-18,OB00135
2175,PC00155,15-Aug-18,OB00135
2176,PC00160,15-Aug-18,OB00135
2177,PC00161,15-Aug-18,OB00135
2178,PC00176,15-Aug-18,OB00135
2179,PC00185,15-Aug-18,OB00135
2180,PC00196,15-Aug-18,OB00135
2181,PC00210,15-Aug-18,OB00135
2182,PC00214,15-Aug-18,OB00135
2183,PC00223,15-Aug-18,OB00135
2184,PC00224,15-Aug-18,OB00135
2185,PC00226,15-Aug-18,OB00135
2186,PC00233,15-Aug-18,OB00135
2187,PC00249,15-Aug-18,OB00135
2188,PC00256,15-Aug-18,OB00135
2189,PC00272,15-Aug-18,OB00135
2190,PC00274,15-Aug-18,OB00135
2191,PC00275,15-Aug-18,OB00135
2192,PC00276,15-Aug-18,OB00135
2193,PC00295,15-Aug-18,OB00135
2194,PC00305,15-Aug-18,OB00135
2195,PC00315,15-Aug-18,OB00135
2196,PC00323,15-Aug-18,OB00135
2197,PC00337,15-Aug-18,OB00135
2198,PC00338,15-Aug-18,OB00135
2199,PC00340,15-Aug-18,OB00135
2200,PC00356,15-Aug-18,OB00135
2201,PC00358,15-Aug-18,OB00135
2202,PC00367,15-Aug-18,OB00135
2203,PC00369,15-Aug-18,OB00135
2204,PC00375,15-Aug-18,OB00135
2205,PC00387,15-Aug-18,OB00135
2206,PC00397,15-Aug-18,OB00135
2207,PC00399,15-Aug-18,OB00135
2208,PC00400,15-Aug-18,OB00135
2209,PC00407,15-Aug-18,OB00135
2210,PC00445,15-Aug-18,OB00135
2211,PC00454,15-Aug-18,OB00135
2212,PC00462,15-Aug-18,OB00135
2213,PC00463,15-Aug-18,OB00135
2214,PC00466,15-Aug-18,OB00135
2215,PC00474,15-Aug-18,OB00135
2216,PC00478,15-Aug-18,OB00135
2217,PC00491,15-Aug-18,OB00135
2218,PC00500,15-Aug-18,OB00135
2219,PC00527,15-Aug-18,OB00135
2220,PC00528,15-Aug-18,OB00135
2221,PC00535,15-Aug-18,OB00135
2222,PC00549,15-Aug-18,OB00135
2223,PC00562,15-Aug-18,OB00135
2224,PC00564,15-Aug-18,OB00135
2225,PC00592,15-Aug-18,OB00135
2226,PC00604,15-Aug-18,OB00135
2227,PC00609,15-Aug-18,OB00135
2228,PC00629,15-Aug-18,OB00135
2229,PC00630,15-Aug-18,OB00135
2230,PC00636,15-Aug-18,OB00135
2231,PC00787,15-Aug-18,OB00135
2232,PC00789,15-Aug-18,OB00135
2233,PC00794,15-Aug-18,OB00135
2234,PC00795,15-Aug-18,OB00135
2235,PC00816,15-Aug-18,OB00135
2236,PC00817,15-Aug-18,OB00135
2237,PC00818,15-Aug-18,OB00135
2238,PC00831,15-Aug-18,OB00135
2239,PC00839,15-Aug-18,OB00135
2240,PC00849,15-Aug-18,OB00135
2241,PC00854,15-Aug-18,OB00135
2242,PC00861,15-Aug-18,OB00135
2243,PC00876,15-Aug-18,OB00135
2244,PC00881,15-Aug-18,OB00135
2245,PC00888,15-Aug-18,OB00135
2246,PC00905,15-Aug-18,OB00135
2247,PC00965,15-Aug-18,OB00135
2248,PC01083,15-Aug-18,OB00135
2249,PC01099,15-Aug-18,OB00135
2250,PC01131,15-Aug-18,OB00135
2251,PC01155,15-Aug-18,OB00135
2252,//PC00642//,16-Aug-18,OB00136
2253,PC00160,16-Aug-18,OB00137
2254,PC00169,16-Aug-18,OB00137
2255,PC00172,16-Aug-18,OB00136
2256,PC00176,16-Aug-18,OB00137
2257,PC00176,16-Aug-18,OB00136
2258,PC00190,16-Aug-18,OB00137
2259,PC00196,16-Aug-18,OB00137
2260,PC00198,16-Aug-18,OB00136
2261,PC00199,16-Aug-18,OB00136
2262,PC00214,16-Aug-18,OB00136
2263,PC00221,16-Aug-18,OB00137
2264,PC00223,16-Aug-18,OB00136
2265,PC00224,16-Aug-18,OB00136
2266,PC00226,16-Aug-18,OB00137
2267,PC00233,16-Aug-18,OB00137
2268,PC00238,16-Aug-18,OB00137
2269,PC00238,16-Aug-18,OB00136
2270,PC00241,16-Aug-18,OB00137
2271,PC00249,16-Aug-18,OB00137
2272,PC00250,16-Aug-18,OB00137
2273,PC00253,16-Aug-18,OB00137
2274,PC00254,16-Aug-18,OB00137
2275,PC00256,16-Aug-18,OB00137
2276,PC00261,16-Aug-18,OB00137
2277,PC00273,16-Aug-18,OB00137
2278,PC00273,16-Aug-18,OB00136
2279,PC00275,16-Aug-18,OB00137
2280,PC00280,16-Aug-18,OB00137
2281,PC00283,16-Aug-18,OB00137
2282,PC00284,16-Aug-18,OB00137
2283,PC00289,16-Aug-18,OB00137
2284,PC00296,16-Aug-18,OB00136
2285,PC00296,16-Aug-18,OB00137
2286,PC00299,16-Aug-18,OB00137
2287,PC00303,16-Aug-18,OB00137
2288,PC00305,16-Aug-18,OB00137
2289,PC00311,16-Aug-18,OB00137
2290,PC00313,16-Aug-18,OB00137
2291,PC00313,16-Aug-18,OB00136
2292,PC00315,16-Aug-18,OB00137
2293,PC00317,16-Aug-18,OB00137
2294,PC00337,16-Aug-18,OB00137
2295,PC00338,16-Aug-18,OB00137
2296,PC00340,16-Aug-18,OB00137
2297,PC00344,16-Aug-18,OB00137
2298,PC00345,16-Aug-18,OB00137
2299,PC00353,16-Aug-18,OB00137
2300,PC00356,16-Aug-18,OB00137
2301,PC00367,16-Aug-18,OB00137
2302,PC00368,16-Aug-18,OB00137
2303,PC00375,16-Aug-18,OB00137
2304,PC00387,16-Aug-18,OB00137
2305,PC00391,16-Aug-18,OB00137
2306,PC00392,16-Aug-18,OB00137
2307,PC00398,16-Aug-18,OB00137
2308,PC00399,16-Aug-18,OB00137
2309,PC00404,16-Aug-18,OB00136
2310,PC00417,16-Aug-18,OB00137
2311,PC00424,16-Aug-18,OB00137
2312,PC00428,16-Aug-18,OB00136
2313,PC00445,16-Aug-18,OB00137
2314,PC00454,16-Aug-18,OB00137
2315,PC00458,16-Aug-18,OB00136
2316,PC00462,16-Aug-18,OB00137
2317,PC00462,16-Aug-18,OB00136
2318,PC00463,16-Aug-18,OB00137
2319,PC00466,16-Aug-18,OB00137
2320,PC00470,16-Aug-18,OB00137
2321,PC00473,16-Aug-18,OB00137
2322,PC00473,16-Aug-18,OB00136
2323,PC00474,16-Aug-18,OB00137
2324,PC00482,16-Aug-18,OB00137
2325,PC00484,16-Aug-18,OB00137
2326,PC00514,16-Aug-18,OB00137
2327,PC00517,16-Aug-18,OB00137
2328,PC00528,16-Aug-18,OB00137
2329,PC00532,16-Aug-18,OB00137
2330,PC00533,16-Aug-18,OB00136
2331,PC00559,16-Aug-18,OB00137
2332,PC00591,16-Aug-18,OB00136
2333,PC00591,16-Aug-18,OB00137
2334,PC00593,16-Aug-18,OB00136
2335,PC00593,16-Aug-18,OB00137
2336,PC00609,16-Aug-18,OB00137
2337,PC00618,16-Aug-18,OB00137
2338,PC00619,16-Aug-18,OB00137
2339,PC00636,16-Aug-18,OB00137
2340,PC00783,16-Aug-18,OB00137
2341,PC00787,16-Aug-18,OB00137
2342,PC00788,16-Aug-18,OB00136
2343,PC00794,16-Aug-18,OB00136
2344,PC00795,16-Aug-18,OB00136
2345,PC00817,16-Aug-18,OB00137
2346,PC00817,16-Aug-18,OB00136
2347,PC00818,16-Aug-18,OB00136
2348,PC00818,16-Aug-18,OB00137
2349,PC00838,16-Aug-18,OB00137
2350,PC00854,16-Aug-18,OB00137
2351,PC00861,16-Aug-18,OB00137
2352,PC00965,16-Aug-18,OB00137
2353,PC00973,16-Aug-18,OB00137
2354,PC00978,16-Aug-18,OB00137
2355,PC01021,16-Aug-18,OB00137
2356,PC01068,16-Aug-18,OB00137
2357,PC01076,16-Aug-18,OB00137
2358,PC01079,16-Aug-18,OB00136
2359,PC01083,16-Aug-18,OB00137
2360,PC01097,16-Aug-18,OB00137
2361,PC01098,16-Aug-18,OB00137
2362,PC01110,16-Aug-18,OB00136
2363,PC01134,16-Aug-18,OB00137
2364,PC01154,16-Aug-18,OB00137
2365,PC01156,16-Aug-18,OB00137
2366,PC01541,17-Aug-18,OB00138
2367,PC00190,3-Oct-18,OB00139
2368,PC00263,3-Oct-18,OB00139
2369,PC00285,3-Oct-18,OB00139
2370,PC00336,3-Oct-18,OB00139
2371,PC00377,3-Oct-18,OB00139
2372,PC00392,3-Oct-18,OB00139
2373,PC00400,3-Oct-18,OB00139
2374,PC00424,3-Oct-18,OB00139
2375,PC00564,3-Oct-18,OB00139
2376,PC00591,3-Oct-18,OB00139
2377,PC00592,3-Oct-18,OB00139
2378,PC00593,3-Oct-18,OB00139
2379,PC00837,3-Oct-18,OB00139
2380,PC00987,3-Oct-18,OB00139
2381,PC00988,3-Oct-18,OB00139
2382,PC01023,3-Oct-18,OB00139
2383,PC01029,3-Oct-18,OB00139
2384,PC01032,3-Oct-18,OB00139
2385,PC01033,3-Oct-18,OB00139
2386,PC01039,3-Oct-18,OB00139
2387,PC01043,3-Oct-18,OB00139
2388,PC01044,3-Oct-18,OB00139
2389,PC01045,3-Oct-18,OB00139
2390,PC01046,3-Oct-18,OB00139
2391,PC01048,3-Oct-18,OB00139
2392,PC01057,3-Oct-18,OB00139
2393,PC01074,3-Oct-18,OB00139
2394,PC01077,3-Oct-18,OB00139
2395,PC01078,3-Oct-18,OB00139
2396,PC01079,3-Oct-18,OB00139
2397,PC01080,3-Oct-18,OB00139
2398,PC01081,3-Oct-18,OB00139
2399,PC01086,3-Oct-18,OB00139
2400,PC01089,3-Oct-18,OB00139
2401,PC01091,3-Oct-18,OB00139
2402,PC01106,3-Oct-18,OB00139
2403,PC01111,3-Oct-18,OB00139
2404,PC01115,3-Oct-18,OB00139
2405,PC01117,3-Oct-18,OB00139
2406,PC01118,3-Oct-18,OB00139
2407,PC01119,3-Oct-18,OB00139
2408,PC01120,3-Oct-18,OB00139
2409,PC01123,3-Oct-18,OB00139
2410,PC01130,3-Oct-18,OB00139
2411,PC01136,3-Oct-18,OB00139
2412,PC01137,3-Oct-18,OB00139
2413,PC01139,3-Oct-18,OB00139
2414,PC01497,3-Oct-18,OB00139
2415,PC01499,3-Oct-18,OB00139