,Patch,National Database Number,State,Latitude,Longitude,Observation Date,Estimated_Infection_Date,Sex,Age Class
28,Full,SE-2010-1108657,GA,32.01291,Ð80.84101,2010-02-11,2010-01-12,MALE,PUP/CALF
38,Full,NE-2011-1133844,VA,37.137286,Ð75.972286,2011-07-13,2011-06-13,MALE,UNKNOWN
56,Full,SE-2012-1139668,NC,35.95288,Ð75.63326,2012-05-02,2012-03-26,MALE,SUBADULT
82,Full,SE-2010-1114897,SC,32.57674,Ð80.19391,2010-05-05,2010-04-08,FEMALE,YEARLING
87,Full,SE-2012-1139809,NC,35.96124,Ð75.64078,2012-03-07,2012-02-13,MALE,SUBADULT
91,Full,NE-2012-1139818,VA,36.67398,Ð75.91292,2012-03-06,2012-02-04,UNKNOWN,UNKNOWN
93,Full,NE-2010-1122579,NJ,40.4707,Ð74.017412,2010-07-28,2010-07-02,FEMALE,ADULT
104,Full,SE-2010-1107073,NC,35.101067,Ð75.96205,2010-02-22,2010-02-08,FEMALE,SUBADULT
114,Full,SE-2010-1105249,GA,31.3795,Ð81.2753,2010-01-28,2009-12-20,MALE,UNKNOWN
138,Full,SE-2010-1107091,SC,32.65813,Ð79.97064,2010-02-18,2010-01-19,FEMALE,ADULT
145,Full,NE-2010-1104659,DE,38.135833,Ð75.181111,2010-01-09,2009-12-20,FEMALE,ADULT
169,Full,SE-2010-1107259,SC,32.83487,Ð79.73907,2010-02-27,2010-02-01,MALE,SUBADULT
188,Full,SE-2010-1106331,SC,32.20945,Ð80.85098,2010-01-27,2010-01-06,MALE,SUBADULT
210,Full,SE-2010-1108059,NC,34.87365,Ð76.3686,2010-03-13,2010-02-12,FEMALE,ADULT
213,Full,SE-2010-1107973,SC,32.35063,Ð80.80454,2010-03-05,2010-02-05,MALE,ADULT
237,Full,SE-2010-1106549,SC,32.1829,Ð80.78406,2010-02-06,2010-01-11,MALE,SUBADULT
239,Full,SE-2010-1119181,NC,34.69689,Ð76.72811,2010-07-19,2010-06-30,MALE,SUBADULT
254,Full,SE-2010-1106471,NC,34.41369,Ð77.56334,2010-02-06,2010-01-11,FEMALE,ADULT
272,Full,SE-2010-1107089,SC,32.31995,Ð80.46096,2010-02-16,2010-01-30,MALE,YEARLING
279,Full,SE-2010-1107735,NC,34.68729,Ð77.37051,2010-03-10,2010-01-31,UNKNOWN,SUBADULT
303,Full,SE-2010-1109487,NC,35.0125,Ð76.30348,2010-04-11,2010-03-11,MALE,SUBADULT
308,Full,SE-2010-1109037,NC,34.91782,Ð76.760212,2010-03-27,2010-02-18,FEMALE,SUBADULT
310,Full,SE-2010-1109515,NC,34.69153,Ð76.83933,2010-04-01,2010-03-17,FEMALE,PUP/CALF
318,Full,SE-2010-1109586,SC,32.917808,Ð79.918434,2010-04-12,2010-03-17,FEMALE,ADULT
320,Full,SE-2010-1109630,SC,32.48161,Ð80.34119,2010-04-05,2010-03-07,MALE,PUP/CALF
321,Full,SE-2010-1109633,SC,32.121805,Ð80.824989,2010-03-22,2010-02-26,MALE,PUP/CALF
328,Full,SE-2010-1109656,NC,35.02946,Ð76.08762,2010-04-06,2010-03-04,UNKNOWN,PUP/CALF
343,Full,SE-2010-1108613,GA,30.75298,Ð81.47447,2010-03-15,2010-02-14,FEMALE,UNKNOWN
347,Full,SE-2010-1108247,SC,32.93444,Ð79.57396,2010-03-04,2010-02-07,UNKNOWN,
357,Full,SE-2010-1109530,NC,35.15242,Ð75.85635,2010-04-03,2010-03-15,MALE,
359,Full,SE-2010-1109547,NC,35.234505,Ð75.52708,2010-04-03,2010-03-11,FEMALE,YEARLING
368,Full,SE-2010-1109601,SC,32.77433,Ð79.80866,2010-04-03,2010-02-24,FEMALE,PUP/CALF
371,Full,SE-2010-1109631,SC,32.2145,Ð80.78143,2010-04-05,2010-03-17,FEMALE,SUBADULT
372,Full,SE-2010-1109632,SC,32.570497,Ð80.204831,2010-04-10,2010-03-19,MALE,ADULT
375,Full,SE-2010-1108337,NC,35.066369,Ð76.003392,2010-03-16,2010-02-17,FEMALE,
383,Full,SE-2010-1109655,NC,34.6597,Ð76.49691,2010-04-15,2010-03-24,MALE,PUP/CALF
403,Full,SE-2010-1108609,GA,31.28175,Ð81.318028,2010-02-26,2010-01-21,UNKNOWN,UNKNOWN
413,Full,SE-2012-1146332,SC,32.74954,Ð79.89567,2012-12-08,2012-11-10,MALE,ADULT
421,Full,SE-2010-1108971,NC,33.90606,Ð78.34365,2010-03-25,2010-03-07,MALE,YEARLING
430,Full,SE-2010-1109318,NC,34.6647,Ð76.49282,2010-04-03,2010-03-13,UNKNOWN,PUP/CALF
435,Full,SE-2010-1108611,GA,30.71348,Ð81.45671,2010-03-13,2010-02-14,FEMALE,ADULT
446,Full,SE-2010-1109276,NC,34.96814,Ð76.16939,2010-04-01,2010-02-27,FEMALE,SUBADULT
453,Full,SE-2010-1109534,NC,35.23042,Ð75.61522,2010-04-12,2010-03-19,MALE,
459,Full,SE-2010-1109634,SC,32.66434,Ð80.01089,2010-03-04,2010-02-13,MALE,SUBADULT
466,Full,SE-2010-1109589,SC,32.208133,Ð80.873346,2010-03-23,2010-03-02,MALE,ADULT
468,Full,SE-2010-1109654,NC,34.8172,Ð76.35565,2010-04-13,2010-03-27,MALE,ADULT
478,Full,SE-2010-1109706,SC,32.63634,Ð80.34569,2010-04-15,2010-03-21,FEMALE,ADULT
490,Full,SE-2010-1108453,NC,35.01108,Ð76.98065,2010-03-20,2010-02-23,FEMALE,SUBADULT
504,Full,SE-2010-1108213,SC,32.12625,Ð80.78268,2010-03-08,2010-02-08,FEMALE,PUP/CALF
510,Full,SE-2010-1109740,NC,35.07267,Ð76,2010-04-14,2010-03-26,FEMALE,PUP/CALF
517,Full,SE-2010-1109600,SC,32.56612,Ð80.18218,2010-04-02,2010-02-26,FEMALE,YEARLING
522,Full,SE-2010-1108615,GA,31.98871,Ð80.84711,2010-03-16,2010-02-23,MALE,SUBADULT
525,Full,SE-2010-1109772,NC,35.23128,Ð75.60992,2010-04-16,2010-03-22,MALE,PUP/CALF
526,Full,SE-2010-1108749,SC,32.29895,Ð80.67229,2010-03-10,2010-02-15,FEMALE,ADULT
532,Full,SE-2010-1109513,NC,34.70786,Ð77.38866,2010-04-09,2010-03-16,FEMALE,SUBADULT
547,Full,SE-2010-1115646,NC,35.03379,Ð76.08105,2010-05-24,2010-04-24,UNKNOWN,SUBADULT
565,Full,SE-2010-1114836,NC,34.637445,Ð77.122611,2010-05-07,2010-04-13,FEMALE,PUP/CALF
583,Full,SE-2010-1114440,GA,31.38669,Ð81.26637,2010-04-20,2010-03-15,MALE,UNKNOWN
588,Full,SE-2010-1114414,GA,31.42875,Ð81.243,2010-03-27,2010-03-07,UNKNOWN,PUP/CALF
606,Full,SE-2010-1114436,GA,31.11605,Ð81.41822,2010-04-20,2010-03-18,MALE,ADULT
613,Full,SE-2010-1114417,GA,30.7351,Ð81.455399,2010-04-13,2010-03-26,FEMALE,ADULT
621,Full,NE-2010-1114465,VA,37.13474,Ð75.97169,2010-03-24,2010-02-26,MALE,UNKNOWN
639,Full,SE-2010-1114422,GA,30.99459,Ð81.91205,2010-04-07,2010-03-21,FEMALE,SUBADULT
641,Full,SE-2010-1114481,NC,34.659275,Ð77.355601,2010-04-24,2010-04-01,FEMALE,YEARLING
642,Full,SE-2010-1114553,NC,35.54152,Ð75.46542,2010-04-26,2010-04-04,MALE,ADULT
643,Full,SE-2010-1114555,NC,35.2946,Ð75.515,2010-04-27,2010-03-27,MALE,ADULT
644,Full,SE-2010-1114556,NC,35.84284,Ð75.56152,2010-04-29,2010-04-05,MALE,PUP/CALF
650,Full,SE-2010-1114554,NC,35.06809,Ð76.01172,2010-04-27,2010-03-19,MALE,PUP/CALF
651,Full,SE-2010-1114573,NC,35.13983,Ð75.8856,2010-04-25,2010-04-03,MALE,ADULT
652,Full,SE-2010-1114574,NC,35.578,Ð75.4701,2010-04-29,2010-04-03,MALE,SUBADULT
656,Full,SE-2010-1114633,NC,34.74211,Ð77.42972,2010-05-03,2010-04-10,MALE,SUBADULT
659,Full,SE-2010-1114773,NC,35.37866,Ð76.49089,2010-05-04,2010-04-11,UNKNOWN,ADULT
671,Full,SE-2010-1118565,SC,32.19935,Ð80.71663,2010-06-27,2010-06-02,MALE,ADULT
684,Full,SE-2010-1118500,SC,32.6923,Ð79.94761,2010-06-22,2010-05-29,FEMALE,PUP/CALF
703,Full,SE-2010-1115805,NC,35.34092,Ð76.6583,2010-05-28,2010-04-23,MALE,SUBADULT
704,Full,SE-2010-1117431,SC,32.17198,Ð80.78698,2010-06-23,2010-06-01,MALE,YEARLING
714,Full,SE-2010-1117471,NC,36.15438,Ð75.86136,2010-06-25,2010-05-27,MALE,ADULT
715,Full,SE-2010-1115017,SC,32.788141,Ð80.132129,2010-05-13,2010-04-22,MALE,PUP/CALF
717,Full,SE-2010-1115201,NC,36.18047,Ð75.99891,2010-05-21,2010-05-01,MALE,SUBADULT
725,Full,SE-2010-1115296,NC,34.627886,Ð77.154267,2010-05-24,2010-04-30,FEMALE,SUBADULT
726,Full,SE-2010-1115178,NC,34.95706,Ð76.18333,2010-05-18,2010-04-13,UNKNOWN,SUBADULT
730,Full,SE-2010-1115436,SC,32.69246,Ð79.87404,2010-05-27,2010-04-27,MALE,SUBADULT
734,Full,SE-2010-1115097,NC,35.21632,Ð75.53059,2010-05-19,2010-05-01,MALE,ADULT
738,Full,SE-2010-1115439,SC,32.70253,Ð79.9083,2010-05-28,2010-05-05,UNKNOWN,PUP/CALF
743,Full,SE-2010-1115018,SC,32.66201,Ð79.94181,2010-05-16,2010-04-20,MALE,PUP/CALF
763,Full,NE-2010-1117973,VA,36.91444,Ð76.068453,2010-04-10,2010-03-17,FEMALE,UNKNOWN
764,Full,NE-2010-1118013,VA,37.130156,Ð75.970384,2010-05-13,2010-04-04,MALE,UNKNOWN
789,Full,SE-2010-1118280,NC,36.08116,Ð76.39514,2010-06-27,2010-05-28,MALE,ADULT
792,Full,SE-2010-1116616,NC,35.77655,Ð75.55993,2010-06-15,2010-05-13,MALE,ADULT
796,Full,SE-2010-1116267,GA,31.97338,Ð80.87328,2010-06-12,2010-05-20,UNKNOWN,PUP/CALF
843,Full,SE-2010-1118641,NC,35.00486,Ð76.7142,2010-07-11,2010-06-14,MALE,SUBADULT
871,Full,SE-2010-1115137,GA,30.7391,Ð81.45645,2010-05-06,2010-04-02,UNKNOWN,UNKNOWN
876,Full,SE-2010-1116615,NC,35.01767,Ð76.10434,2010-06-15,2010-05-28,MALE,ADULT
879,Full,SE-2010-1116614,NC,34.48229,Ð77.44064,2010-06-16,2010-05-23,FEMALE,SUBADULT
880,Full,SE-2010-1115140,NC,36.51519,Ð75.86119,2010-05-16,2010-04-17,MALE,PUP/CALF
886,Full,SE-2010-1115099,NC,35.07035,Ð76.01279,2010-04-28,2010-03-30,UNKNOWN,PUP/CALF
887,Full,SE-2010-1115102,NC,35.8371,Ð75.55927,2010-05-16,2010-04-14,UNKNOWN,PUP/CALF
894,Full,SE-2010-1115438,SC,32.85088,Ð79.94652,2010-05-27,2010-04-18,MALE,PUP/CALF
898,Full,SE-2010-1115057,SC,33.4322,Ð79.11939,2010-03-28,2010-03-03,FEMALE,ADULT
899,Full,SE-2010-1115100,NC,35.76486,Ð75.53224,2010-04-30,2010-04-04,MALE,PUP/CALF
903,Full,SE-2010-1115098,NC,35.457254,Ð76.605683,2010-05-08,2010-04-13,MALE,ADULT
904,Full,SE-2010-1115116,NC,35.18185,Ð75.77464,2010-05-09,2010-04-11,UNKNOWN,PUP/CALF
908,Full,NE-2010-1115037,MD,38.24305,Ð75.137222,2010-05-13,2010-04-20,MALE,PUP/CALF
909,Full,SE-2010-1115103,NC,35.45867,Ð75.48239,2010-05-17,2010-04-18,MALE,PUP/CALF
914,Full,SE-2010-1117294,NC,34.668099,Ð76.524987,2010-06-23,2010-06-03,FEMALE,SUBADULT
917,Full,NE-2010-1115820,NY,40.6771,Ð73.021,2010-04-10,2010-03-17,FEMALE,ADULT
927,Full,SE-2010-1115465,NC,35.86165,Ð75.57029,2010-05-29,2010-04-30,MALE,ADULT
939,Full,SE-2010-1118214,GA,30.94982,Ð81.40201,2010-06-29,2010-06-11,MALE,SUBADULT
940,Full,SE-2010-1118281,NC,36.1362,Ð76.33551,2010-06-28,2010-05-30,FEMALE,ADULT
944,Full,SE-2010-1115852,SC,32.75399,Ð80.01115,2010-06-02,2010-05-04,FEMALE,
952,Full,NE-2010-1115036,MD,38.337547,Ð75.086997,2010-05-12,2010-04-13,UNKNOWN,PUP/CALF
959,Full,SE-2010-1116177,SC,32.37528,Ð80.49262,2010-06-12,2010-05-13,FEMALE,PUP/CALF
968,Full,SE-2010-1116072,SC,32.785,Ð80.1063,2010-06-06,2010-05-13,FEMALE,PUP/CALF
995,Full,SE-2010-1116257,SC,32.5597,Ð80.16903,2010-06-09,2010-05-17,MALE,ADULT
999,Full,NE-2010-1119683,DE,38.458333,Ð75.079167,2010-03-23,2010-02-22,UNKNOWN,ADULT
1007,Full,NE-2010-1119964,VA,36.946365,Ð76.115847,2010-05-15,2010-04-17,FEMALE,UNKNOWN
1008,Full,SE-2010-1119577,NC,35.80358,Ð75.54333,2010-07-23,2010-07-03,MALE,
1017,Full,NE-2010-1119685,DE,38.78,Ð75.12,2010-06-10,2010-05-23,FEMALE,PUP/CALF
1018,Full,NE-2010-1119688,DE,38.6,Ð75.12,2010-07-26,2010-07-09,UNKNOWN,SUBADULT
1032,Full,SE-2010-1118863,GA,32.02287,Ð80.86055,2010-07-08,2010-06-03,FEMALE,UNKNOWN
1033,Full,NE-2010-1120233,VA,36.9562,Ð76.3593,2010-05-24,2010-04-30,MALE,UNKNOWN
1035,Full,SE-2010-1118842,SC,32.902477,Ð79.675401,2010-06-28,2010-06-07,MALE,PUP/CALF
1036,Full,SE-2010-1118843,SC,32.65657,Ð79.99354,2010-07-03,2010-05-29,FEMALE,SUBADULT
1041,Full,SE-2010-1119821,SC,32.12769,Ð80.83886,2010-07-27,2010-07-04,MALE,ADULT
1043,Full,SE-2010-1119824,NC,36.07471,Ð75.80277,2010-07-30,2010-07-07,UNKNOWN,ADULT
1050,Full,SE-2010-1119826,NC,35.192,Ð75.7386,2010-07-31,2010-07-06,MALE,PUP/CALF
1052,Full,SE-2010-1119951,GA,31.32371,Ð81.28905,2010-05-22,2010-04-24,MALE,UNKNOWN
1054,Full,SE-2010-1118870,GA,32.017886,Ð80.939649,2010-07-08,2010-06-12,FEMALE,SUBADULT
1057,Full,NE-2010-1119968,VA,36.9156,Ð75.99163,2010-05-17,2010-04-26,MALE,UNKNOWN
1062,Full,NE-2010-1120482,VA,37.7374,Ð75.82722,2010-06-14,2010-05-10,UNKNOWN,UNKNOWN
1067,Full,NE-2010-1118869,MD,38.143831,Ð75.174258,2010-07-09,2010-06-20,MALE,
1069,Full,NE-2010-1120484,VA,37.685017,Ð76.33705,2010-06-16,2010-05-09,MALE,UNKNOWN
1074,Full,NE-2010-1120062,VA,37.129836,Ð75.981206,2010-05-20,2010-04-26,MALE,UNKNOWN
1075,Full,NE-2010-1120063,VA,37.16139,Ð75.98003,2010-05-21,2010-04-21,MALE,UNKNOWN
1082,Full,NE-2010-1119471,VA,37.18798,Ð75.99822,2010-05-02,2010-03-28,MALE,UNKNOWN
1083,Full,NE-2010-1119476,VA,37.398222,Ð75.699583,2010-05-06,2010-04-07,UNKNOWN,UNKNOWN
1088,Full,SE-2010-1120619,GA,31.93536,Ð80.96864,2010-08-13,2010-07-23,FEMALE,PUP/CALF
1092,Full,NE-2010-1120286,VA,36.5853,Ð75.8751,2010-05-25,2010-04-18,FEMALE,UNKNOWN
1133,Full,NE-2010-1120231,VA,36.7613,Ð75.9496,2010-05-21,2010-04-27,MALE,UNKNOWN
1135,Full,SE-2010-1120358,SC,32.223237,Ð80.772271,2010-08-09,2010-07-14,FEMALE,PUP/CALF
1137,Full,NE-2010-1120479,VA,37.44932,Ð75.97298,2010-05-27,2010-05-01,MALE,
1138,Full,NE-2010-1120480,VA,37.01421,Ð76.29889,2010-05-30,2010-04-24,MALE,UNKNOWN
1139,Full,NE-2010-1120481,VA,36.95175,Ð76.24546,2010-06-11,2010-05-08,FEMALE,UNKNOWN
1143,Full,NE-2010-1120466,VA,37.99544,Ð75.26792,2010-05-25,2010-04-29,FEMALE,UNKNOWN
1144,Full,NE-2010-1120467,VA,36.931378,Ð76.03723,2010-05-23,2010-04-21,UNKNOWN,UNKNOWN
1147,Full,NE-2010-1120468,VA,37.89264,Ð75.33974,2010-05-25,2010-04-27,MALE,UNKNOWN
1148,Full,NE-2010-1120469,VA,37.59185,Ð76.43104,2010-05-26,2010-04-17,MALE,UNKNOWN
1164,Full,SE-2010-1119825,NC,36.23645,Ð75.77524,2010-07-31,2010-07-03,MALE,PUP/CALF
1167,Full,NE-2010-1119502,VA,37.4138,Ð75.6892,2010-05-06,2010-04-06,UNKNOWN,UNKNOWN
1171,Full,SE-2010-1119062,SC,33.816122,Ð78.67579,2010-07-11,2010-06-21,MALE,SUBADULT
1177,Full,NE-2010-1119474,VA,37.14452,Ð75.86962,2010-05-07,2010-04-07,UNKNOWN,UNKNOWN
1189,Full,SE-2010-1119911,GA,31.8753,Ð80.97471,2010-07-09,2010-06-22,FEMALE,PUP/CALF
1190,Full,SE-2010-1119928,GA,31.57373,Ð81.36308,2010-07-08,2010-06-12,MALE,UNKNOWN
1195,Full,NE-2010-1119961,DE,38.6836,Ð75.1184,2010-08-03,2010-07-09,MALE,ADULT
1204,Full,NE-2010-1119981,VA,37.09335,Ð76.273817,2010-05-19,2010-04-17,FEMALE,UNKNOWN
1208,Full,SE-2010-1119828,NC,34.91726,Ð76.76505,2010-08-02,2010-07-15,FEMALE,ADULT
1221,Full,NE-2010-1119503,VA,37.4511,Ð75.6573,2010-05-06,2010-04-16,UNKNOWN,UNKNOWN
1223,Full,NE-2010-1119966,VA,37.12429,Ð75.88999,2010-05-16,2010-04-19,UNKNOWN,UNKNOWN
1228,Full,NE-2010-1119504,VA,37.0893,Ð75.97803,2010-05-08,2010-04-07,UNKNOWN,UNKNOWN
1229,Full,NE-2010-1119505,VA,37.38239,Ð75.71033,2010-05-14,2010-04-19,MALE,UNKNOWN
1241,Full,NE-2010-1119690,DE,38.79,Ð75.18,2010-07-02,2010-06-04,UNKNOWN,ADULT
1254,Full,NE-2010-1120061,VA,36.92658,Ð76.16281,2010-05-19,2010-05-01,MALE,UNKNOWN
1259,Full,SE-2010-1119400,NC,34.63274,Ð76.53668,2010-07-19,2010-06-28,MALE,ADULT
1276,Full,NE-2010-1119686,DE,39.19,Ð75.4,2010-06-18,2010-05-11,MALE,ADULT
1283,Full,NE-2010-1121941,VA,36.913583,Ð76.074017,2010-07-26,2010-07-01,FEMALE,UNKNOWN
1284,Full,NE-2010-1121942,VA,37.40568,Ð76.25024,2010-07-26,2010-06-25,UNKNOWN,UNKNOWN
1285,Full,NE-2010-1121943,VA,36.6534,Ð75.9019,2010-07-27,2010-06-30,MALE,UNKNOWN
1287,Full,NE-2010-1121957,VA,36.904407,Ð75.988557,2010-08-14,2010-07-18,MALE,UNKNOWN
1288,Full,NE-2010-1121958,VA,36.739133,Ð75.940667,2010-08-20,2010-07-25,UNKNOWN,UNKNOWN
1296,Full,NE-2010-1121959,VA,36.926406,Ð76.003124,2010-08-26,2010-07-23,MALE,UNKNOWN
1312,Full,SE-2010-1121236,SC,32.7611,Ð79.82786,2010-08-17,2010-07-25,FEMALE,YEARLING
1313,Full,SE-2010-1121240,SC,33.87518,Ð78.58246,2010-08-18,2010-07-24,MALE,SUBADULT
1323,Full,NE-2010-1121920,VA,38.009,Ð75.258,2010-06-26,2010-05-30,FEMALE,UNKNOWN
1324,Full,NE-2010-1121932,VA,37.100567,Ð76.65745,2010-07-12,2010-06-07,MALE,UNKNOWN
1330,Full,NE-2010-1121916,VA,37.65169,Ð76.34508,2010-06-17,2010-05-12,FEMALE,UNKNOWN
1331,Full,NE-2010-1121919,VA,36.58061,Ð75.87401,2010-06-26,2010-05-23,UNKNOWN,UNKNOWN
1332,Full,NE-2010-1121960,VA,37.28831,Ð76.0158,2010-08-29,2010-08-04,MALE,UNKNOWN
1339,Full,NE-2010-1121922,VA,36.8219,Ð75.9674,2010-07-01,2010-06-06,FEMALE,UNKNOWN
1353,Full,SE-2010-1121473,SC,32.60959,Ð80.15633,2010-08-28,2010-08-03,MALE,YEARLING
1358,Full,NE-2010-1121921,VA,37.6851,Ð76.3136,2010-06-20,2010-05-19,UNKNOWN,UNKNOWN
1364,Full,NE-2010-1121935,VA,37.040548,Ð76.487096,2010-07-22,2010-07-02,MALE,
1365,Full,NE-2010-1121936,VA,36.84153,Ð75.9712,2010-07-23,2010-06-26,MALE,UNKNOWN
1367,Full,NE-2010-1121938,VA,37.20921,Ð76.01344,2010-07-24,2010-07-04,FEMALE,UNKNOWN
1368,Full,SE-2010-1121940,SC,32.243384,Ð80.686344,2010-08-31,2010-08-04,FEMALE,PUP/CALF
1371,Full,SE-2010-1122087,SC,32.8035,Ð80.41489,2010-09-04,2010-08-06,MALE,ADULT
1372,Full,SE-2010-1122089,NC,35.17677,Ð75.79233,2010-08-22,2010-07-30,FEMALE,ADULT
1381,Full,SE-2010-1121195,SC,32.6897,Ð79.89635,2010-08-21,2010-08-07,MALE,SUBADULT
1410,Full,NE-2010-1123670,VA,36.9331,Ð76.1997,2010-09-06,2010-08-05,FEMALE,UNKNOWN
1412,Full,NE-2010-1123811,VA,36.905187,Ð75.984034,2010-09-06,2010-08-15,MALE,UNKNOWN
1413,Full,NE-2010-1123815,VA,36.92144,Ð76.13601,2010-09-11,2010-08-14,MALE,UNKNOWN
1414,Full,NE-2010-1123820,VA,37.08291,Ð75.96034,2010-09-17,2010-08-17,UNKNOWN,UNKNOWN
1422,Full,NE-2010-1122303,NJ,39.028846,Ð74.942283,2010-05-10,2010-04-14,UNKNOWN,YEARLING
1424,Full,NE-2010-1122313,NJ,40.434776,Ð73.993091,2010-06-27,2010-05-23,MALE,ADULT
1425,Full,NE-2010-1122314,NJ,39.035941,Ð74.76731,2010-06-25,2010-06-10,FEMALE,PUP/CALF
1434,Full,NE-2010-1122305,NJ,38.973562,Ð74.8244,2010-05-16,2010-04-20,MALE,PUP/CALF
1435,Full,NE-2010-1122306,NJ,38.99839,Ð74.789458,2010-05-06,2010-04-01,MALE,PUP/CALF
1436,Full,NE-2010-1122308,NJ,38.986935,Ð74.802456,2010-06-03,2010-05-10,UNKNOWN,PUP/CALF
1438,Full,NE-2010-1122315,NJ,39.159793,Ð74.685118,2010-07-07,2010-06-14,FEMALE,ADULT
1443,Full,NE-2010-1122309,NJ,39.233908,Ð75.170145,2010-06-04,2010-05-12,UNKNOWN,PUP/CALF
1444,Full,NE-2010-1122310,NJ,40.426769,Ð73.982905,2010-06-15,2010-05-17,MALE,ADULT
1451,Full,NE-2010-1122312,NJ,39.380263,Ð74.4128,2010-06-21,2010-05-21,UNKNOWN,PUP/CALF
1455,Full,SE-2010-1122225,NC,36.05896,Ð75.68481,2010-09-09,2010-08-19,MALE,PUP/CALF
1456,Full,SE-2010-1122376,SC,32.89316,Ð79.84683,2010-09-12,2010-08-09,MALE,ADULT
1465,Full,NE-2010-1122577,NJ,39.216688,Ð74.63958,2010-07-09,2010-06-20,FEMALE,SUBADULT
1478,Full,NE-2010-1123405,MD,38.282614,Ð75.115263,2010-07-06,2010-06-01,UNKNOWN,UNKNOWN
1479,Full,NE-2010-1123406,MD,38.185754,Ð75.158241,2010-08-24,2010-08-01,FEMALE,SUBADULT
1485,Full,NE-2010-1123813,VA,36.93633,Ð76.21254,2010-09-12,2010-08-11,MALE,UNKNOWN
1486,Full,NE-2010-1123823,VA,37.08305,Ð75.9642,2010-09-17,2010-08-11,UNKNOWN,UNKNOWN
1492,Full,SE-2010-1123667,NC,33.91081,Ð78.29513,2010-10-09,2010-09-20,MALE,SUBADULT
1520,Full,SE-2010-1122487,SC,33.29762,Ð79.17024,2010-09-10,2010-08-14,MALE,PUP/CALF
1532,Full,NE-2010-1123357,VA,37.99544,Ð75.26792,2010-05-25,2010-04-30,UNKNOWN,UNKNOWN
1533,Full,SE-2010-1126018,NC,36.45242,Ð75.84431,2010-12-12,2010-11-25,FEMALE,ADULT
1535,Full,SE-2010-1125824,NC,35.30093,Ð75.51452,2010-12-06,2010-11-14,MALE,ADULT
1536,Full,SE-2010-1124756,NC,34.61445,Ð76.52528,2010-10-30,2010-10-10,MALE,PUP/CALF
1537,Full,SE-2010-1125959,SC,33.41603,Ð79.13049,2010-11-27,2010-11-01,MALE,ADULT
1548,Full,NE-2010-1125176,DE,38.9,Ð75.3,2010-06-18,2010-05-21,MALE,PUP/CALF
1549,Full,SE-2010-1125054,SC,33.785622,Ð78.742508,2010-10-23,2010-09-27,MALE,YEARLING
1552,Full,SE-2010-1124012,NC,35.23195,Ð75.55315,2010-10-12,2010-09-26,FEMALE,YEARLING
1557,Full,NE-2010-1125114,VA,36.55569,Ð75.86898,2010-10-30,2010-10-01,FEMALE,UNKNOWN
1575,Full,SE-2010-1125555,NC,36.4163,Ð75.83885,2010-11-29,2010-11-01,MALE,ADULT
1580,Full,SE-2010-1125233,NC,34.62128,Ð77.17033,2010-11-21,2010-11-05,FEMALE,
1594,Full,SE-2010-1125681,NC,34.64897,Ð76.347606,2010-12-02,2010-11-08,MALE,SUBADULT
1605,Full,SE-2010-1125474,NC,34.62378,Ð76.55151,2010-11-25,2010-10-31,FEMALE,
1610,Full,NE-2010-1124471,VA,37.10625,Ð75.97589,2010-10-21,2010-09-26,MALE,UNKNOWN
1615,Full,SE-2010-1125560,NC,34.82986,Ð76.3476,2010-11-25,2010-11-01,MALE,ADULT
1619,Full,SE-2010-1125898,NC,35.86829,Ð75.57364,2010-12-08,2010-11-14,MALE,ADULT
1643,Full,SE-2010-1125961,SC,32.33887,Ð80.45576,2010-11-29,2010-11-05,MALE,ADULT
1655,Full,SE-2010-1126161,NC,34.53114,Ð77.33061,2010-12-16,2010-11-27,MALE,ADULT
1691,Full,SE-2010-1124957,NC,34.681694,Ð76.713083,2010-11-10,2010-10-20,MALE,SUBADULT
1695,Full,NE-2010-1123905,VA,36.92927,Ð76.17262,2010-09-21,2010-08-17,UNKNOWN,UNKNOWN
1701,Full,SE-2010-1124034,SC,32.23099,Ð80.794154,2010-10-12,2010-09-17,FEMALE,SUBADULT
1705,Full,NE-2010-1123906,VA,37.10121,Ð75.97897,2010-10-02,2010-08-24,UNKNOWN,UNKNOWN
1712,Full,SE-2010-1124724,SC,32.55978,Ð80.16805,2010-11-01,2010-10-11,MALE,YEARLING
1716,Full,NE-2010-1124813,MD,38.256331,Ð75.12687,2010-09-27,2010-09-03,MALE,UNKNOWN
1722,Full,SE-2010-1124216,NC,34.84409,Ð76.34299,2010-10-20,2010-09-25,MALE,ADULT
1726,Full,NE-2010-1125116,VA,36.92735,Ð76.17162,2010-11-02,2010-10-09,MALE,UNKNOWN
1728,Full,NE-2010-1124132,NJ,39.677223,Ð74.151286,2010-09-17,2010-09-01,MALE,ADULT
1733,Full,NE-2010-1125180,DE,38.815,Ð75.198,2010-08-13,2010-07-16,MALE,PUP/CALF
1752,Full,SE-2010-1124556,NC,34.58523,Ð77.24403,2010-10-29,2010-10-11,FEMALE,PUP/CALF
1800,Full,SE-2010-1125473,NC,34.50208,Ð77.39795,2010-11-26,2010-11-09,MALE,ADULT
1809,Full,SE-2011-1128457,SC,32.68641,Ð80.00045,2011-02-27,2011-01-31,FEMALE,SUBADULT
1818,Full,NE-2011-1128497,VA,37.558661,Ð75.932596,2011-02-12,2011-01-27,UNKNOWN,UNKNOWN
1827,Full,SE-2011-1128325,SC,33.156633,Ð79.33655,2011-02-15,2011-01-24,MALE,SUBADULT
1859,Full,SE-2011-1127618,NC,34.67182,Ð76.61315,2011-01-27,2010-12-25,UNKNOWN,ADULT
1875,Full,SE-2011-1127817,NC,34.576719,Ð77.259937,2011-02-06,2011-01-19,MALE,YEARLING
1876,Full,SE-2011-1127821,SC,32.79427,Ð79.76376,2011-02-06,2011-01-08,FEMALE,PUP/CALF
1898,Full,SE-2010-1126801,SC,32.18095,Ð80.70541,2010-12-09,2010-11-20,MALE,YEARLING
1904,Full,SE-2011-1127921,GA,30.96515,Ð81.42322,2011-01-24,2010-12-23,FEMALE,SUBADULT
1912,Full,SE-2011-1128229,NC,34.96962,Ð76.16674,2011-02-17,2011-01-24,UNKNOWN,SUBADULT
1920,Full,SE-2010-1126741,NC,35.01904,Ð76.31519,2010-12-31,2010-12-07,FEMALE,SUBADULT
1965,Full,SE-2011-1127917,SC,32.55155,Ð80.21585,2011-01-27,2010-12-28,MALE,YEARLING
1966,Full,SE-2011-1127922,GA,31.97157,Ð80.86372,2011-01-24,2010-12-23,FEMALE,SUBADULT
1981,Full,SE-2011-1128123,GA,31.94241,Ð80.91756,2011-01-24,2011-01-03,FEMALE,ADULT
1983,Full,SE-2011-1128257,NC,33.913769,Ð78.161123,2011-02-21,2011-02-03,MALE,SUBADULT
1984,Full,SE-2011-1128258,NC,35.23326,Ð75.56118,2011-02-18,2011-01-29,MALE,ADULT
2003,Full,SE-2011-1127201,NC,34.97507,Ð76.15959,2011-01-16,2010-12-24,MALE,SUBADULT
2011,Full,SE-2011-1127820,SC,32.483019,Ð80.341783,2011-01-26,2010-12-25,FEMALE,PUP/CALF
2032,Full,SE-2011-1128277,GA,31.81939,Ð81.37625,2011-02-18,2011-01-18,MALE,ADULT
2033,Full,SE-2011-1127671,NC,34.92065,Ð76.22777,2011-01-28,2010-12-30,UNKNOWN,ADULT
2037,Full,SE-2011-1128317,NC,34.176105,Ð77.818096,2011-02-13,2011-01-18,UNKNOWN,SUBADULT
2041,Full,SE-2011-1127701,NC,34.91378,Ð76.23527,2011-01-30,2011-01-16,MALE,SUBADULT
2058,Full,SE-2011-1127918,GA,31.82328,Ð81.04008,2011-01-24,2010-12-21,MALE,ADULT
2080,Full,SE-2011-1129252,NC,34.96367,Ð76.9132,2011-03-13,2011-02-13,FEMALE,SUBADULT
2081,Full,SE-2011-1129257,GA,31.01144,Ð81.43136,2011-03-20,2011-03-01,MALE,PUP/CALF
2084,Full,SE-2010-1128637,GA,32.0114,Ð81.0112,2010-09-21,2010-08-30,FEMALE,SUBADULT
2113,Full,SE-2011-1129799,NC,34.82644,Ð76.34741,2011-03-31,2011-03-07,UNKNOWN,PUP/CALF
2117,Full,SE-2011-1129237,NC,34.57772,Ð76.53005,2011-03-18,2011-02-22,MALE,ADULT
2121,Full,SE-2011-1129238,NC,34.6096,Ð76.52808,2011-03-18,2011-02-27,MALE,PUP/CALF
2127,Full,SE-2011-1129247,GA,31.11019,Ð81.40563,2011-03-20,2011-02-20,FEMALE,UNKNOWN
2206,Full,SE-2011-1128777,GA,31.6307,Ð81.13007,2011-02-16,2011-01-18,FEMALE,YEARLING
2229,Full,SE-2011-1129245,GA,31.75445,Ð81.08885,2011-03-15,2011-02-05,UNKNOWN,SUBADULT
2260,Full,SE-2011-1130659,NC,35.16827,Ð75.81686,2011-04-23,2011-04-07,UNKNOWN,PUP/CALF
2262,Full,NE-2011-1130661,VA,37.09363,Ð75.98047,2011-04-22,2011-03-25,UNKNOWN,
2297,Full,SE-2011-1130277,NC,34.85379,Ð76.31488,2011-04-12,2011-03-20,MALE,ADULT
2309,Full,NE-2011-1130612,VA,36.762133,Ð75.9494,2011-03-17,2011-02-21,MALE,UNKNOWN
2326,Full,SE-2011-1130622,NC,35.14209,Ð75.88036,2011-04-16,2011-03-24,MALE,PUP/CALF
2327,Full,SE-2011-1130623,NC,35.20464,Ð75.70329,2011-04-20,2011-03-26,FEMALE,PUP/CALF
2328,Full,SE-2011-1130626,NC,34.63167,Ð77.14383,2011-04-24,2011-04-02,FEMALE,SUBADULT
2330,Full,SE-2011-1130640,NC,35.225915,Ð75.535249,2011-04-20,2011-03-21,FEMALE,PUP/CALF
2331,Full,SE-2011-1130641,NC,35.75987,Ð75.53072,2011-04-22,2011-03-24,FEMALE,ADULT
2333,Full,NE-2011-1130644,VA,36.93188,Ð76.03531,2011-03-28,2011-02-24,MALE,UNKNOWN
2334,Full,SE-2011-1130645,NC,36.149003,Ð75.735858,2011-04-23,2011-04-04,MALE,ADULT
2342,Full,SE-2011-1130377,NC,35.79792,Ð75.54106,2011-04-15,2011-03-30,MALE,SUBADULT
2343,Full,SE-2011-1130380,NC,34.69502,Ð76.80497,2011-04-15,2011-03-21,MALE,PUP/CALF
2352,Full,NE-2011-1130609,VA,36.757217,Ð75.947367,2011-03-17,2011-02-25,MALE,UNKNOWN
2357,Full,SE-2011-1129038,NC,33.85319,Ð77.99169,2011-03-14,2011-02-14,UNKNOWN,ADULT
2364,Full,SE-2011-1130381,NC,35.19468,Ð75.73092,2011-04-17,2011-03-25,FEMALE,PUP/CALF
2381,Full,SE-2011-1130240,NC,34.90388,Ð76.24789,2011-04-11,2011-03-21,FEMALE,PUP/CALF
2382,Full,SE-2011-1130278,NC,35.03772,Ð76.07464,2011-04-12,2011-03-19,MALE,PUP/CALF
2387,Full,SE-2011-1129244,GA,31.36726,Ð81.43758,2011-03-08,2011-01-30,FEMALE,ADULT
2395,Full,SE-2011-1128799,NC,33.9003,Ð78.3728,2011-03-09,2011-02-15,MALE,ADULT
2401,Full,SE-2011-1129470,NC,34.86438,Ð76.302,2011-03-22,2011-02-21,MALE,PUP/CALF
2422,Full,SE-2011-1129632,NC,33.96069,Ð77.92231,2011-03-30,2011-03-05,MALE,SUBADULT
2438,Full,SE-2011-1128559,NC,35.15169,Ð75.84748,2011-02-25,2011-01-31,UNKNOWN,PUP/CALF
2458,Full,SE-2011-1128918,GA,31.24034,Ð81.28437,2011-02-13,2011-01-28,UNKNOWN,PUP/CALF
2486,Full,SE-2011-1129537,NC,35.22519,Ð75.63779,2011-03-22,2011-03-05,MALE,YEARLING
2515,Full,SE-2011-1130239,NC,35.1739,Ð75.80164,2011-04-12,2011-03-18,MALE,PUP/CALF
2516,Full,SE-2011-1130257,NC,35.227741,Ð75.628795,2011-04-13,2011-03-22,FEMALE,PUP/CALF
2517,Full,SE-2011-1130279,NC,35.05363,Ð76.04093,2011-04-12,2011-03-25,FEMALE,PUP/CALF
2548,Full,SE-2011-1130621,NC,35.07811,Ð76.002587,2011-04-12,2011-03-11,UNKNOWN,PUP/CALF
2549,Full,SE-2011-1130624,NC,35.15921,Ð75.84015,2011-04-20,2011-03-30,FEMALE,ADULT
2550,Full,SE-2011-1130625,NC,34.66026,Ð77.03355,2011-04-24,2011-04-05,MALE,SUBADULT
2551,Full,SE-2011-1130643,NC,35.2266,Ð75.53938,2011-04-23,2011-03-23,MALE,PUP/CALF
2553,Full,NE-2011-1130647,VA,36.8644,Ð75.97802,2011-03-29,2011-02-21,MALE,UNKNOWN
2572,Full,SE-2011-1130238,NC,35.2058,Ð75.69992,2011-04-12,2011-03-09,MALE,PUP/CALF
2573,Full,SE-2011-1130648,NC,35.22844,Ð75.62537,2011-04-23,2011-04-04,MALE,PUP/CALF
2575,Full,SE-2011-1130650,NC,35.22774,Ð75.62801,2011-04-24,2011-03-18,UNKNOWN,PUP/CALF
2576,Full,NE-2011-1130651,VA,37.0958,Ð75.9808,2011-03-31,2011-02-28,MALE,UNKNOWN
2578,Full,NE-2011-1130653,VA,36.66197,Ð75.9062,2011-04-10,2011-03-15,MALE,UNKNOWN
2584,Full,SE-2011-1128780,GA,31.71661,Ð81.34042,2011-02-27,2011-02-07,FEMALE,PUP/CALF
2585,Full,SE-2011-1128917,GA,31.24034,Ð81.28437,2011-02-13,2011-01-24,FEMALE,ADULT
2589,Full,SE-2011-1130477,NC,34.67388,Ð76.62147,2011-04-20,2011-03-25,MALE,PUP/CALF
2593,Full,SE-2011-1130378,NC,34.25703,Ð77.75426,2011-04-15,2011-03-19,FEMALE,PUP/CALF
2594,Full,SE-2011-1130382,NC,35.23432,Ð75.58424,2011-04-17,2011-03-30,MALE,PUP/CALF
2595,Full,SE-2011-1130395,NC,36.07668,Ð75.69635,2011-04-17,2011-03-24,FEMALE,SUBADULT
2601,Full,NE-2011-1131924,VA,37.8648,Ð75.3917,2011-05-10,2011-04-15,UNKNOWN,
2606,Full,NE-2011-1131958,VA,37.19475,Ð76.00603,2011-05-25,2011-04-29,MALE,UNKNOWN
2609,Full,SE-2011-1132630,GA,31.46597,Ð81.32423,2011-06-19,2011-06-01,UNKNOWN,UNKNOWN
2610,Full,SE-2011-1132670,GA,31.99508,Ð81.01829,2011-05-01,2011-04-11,MALE,PUP/CALF
2625,Full,SE-2011-1132854,NC,34.2159,Ð77.7945,2011-06-27,2011-06-06,FEMALE,SUBADULT
2626,Full,SE-2011-1131750,NC,34.692068,Ð76.836579,2011-06-07,2011-05-16,FEMALE,PUP/CALF
2639,Full,NE-2011-1131451,MD,38.079653,Ð75.2047,2011-05-22,2011-04-28,MALE,UNKNOWN
2645,Full,NE-2011-1130843,VA,37.32128,Ð76.01739,2011-04-29,2011-04-04,FEMALE,UNKNOWN
2646,Full,SE-2011-1130969,GA,31.20655,Ð81.31857,2011-05-02,2011-03-27,UNKNOWN,UNKNOWN
2649,Full,SE-2011-1130965,GA,31.23094,Ð81.32501,2011-03-23,2011-02-11,UNKNOWN,ADULT
2665,Full,SE-2011-1133053,GA,30.74555,Ð81.45801,2011-04-15,2011-03-24,FEMALE,SUBADULT
2670,Full,NE-2011-1131346,MD,38.352186,Ð75.096929,2011-05-14,2011-04-12,MALE,PUP/CALF
2674,Full,NE-2011-1133147,VA,37.08429,Ð75.94727,2011-06-08,2011-05-14,UNKNOWN,UNKNOWN
2675,Full,NE-2011-1133152,VA,37.188,Ð75.9982,2011-06-11,2011-05-11,UNKNOWN,UNKNOWN
2677,Full,SE-2011-1130964,GA,31.23724,Ð81.28504,2011-03-22,2011-02-28,MALE,SUBADULT
2682,Full,NE-2011-1133150,VA,36.98577,Ð76.39227,2011-06-08,2011-05-13,MALE,UNKNOWN
2683,Full,NE-2011-1133151,VA,36.62773,Ð75.88982,2011-06-09,2011-05-09,FEMALE,UNKNOWN
2684,Full,NE-2011-1133163,NY,40.6435,Ð73.1554,2011-07-09,2011-06-05,MALE,PUP/CALF
2696,Full,SE-2011-1131490,NC,35.0576,Ð76.0364,2011-05-19,2011-04-20,UNKNOWN,ADULT
2697,Full,SE-2011-1133166,SC,32.209735,Ð80.84564,2011-07-09,2011-06-11,FEMALE,YEARLING
2701,Full,SE-2011-1130802,NC,34.70807,Ð76.69387,2011-04-30,2011-04-08,MALE,SUBADULT
2703,Full,SE-2011-1131141,NC,35.34279,Ð75.50238,2011-05-12,2011-04-23,MALE,PUP/CALF
2707,Full,SE-2011-1131248,NC,35.868,Ð75.572489,2011-05-14,2011-04-17,UNKNOWN,PUP/CALF
2708,Full,NE-2011-1131348,MD,38.093668,Ð75.196013,2011-05-04,2011-03-29,UNKNOWN,PUP/CALF
2711,Full,NE-2011-1131453,MD,38.250042,Ð75.129728,2011-05-23,2011-04-19,FEMALE,PUP/CALF
2722,Full,SE-2011-1131491,NC,35.666064,Ð77.466303,2011-05-12,2011-04-28,FEMALE,ADULT
2723,Full,SE-2011-1131492,NC,34.85083,Ð76.3187,2011-05-16,2011-04-26,MALE,PUP/CALF
2724,Full,NE-2011-1131592,DE,38.787514,Ð75.154452,2011-05-23,2011-04-30,MALE,PUP/CALF
2725,Full,NE-2011-1131594,DE,38.802442,Ð75.185858,2011-05-19,2011-04-23,FEMALE,PUP/CALF
2750,Full,NE-2011-1131916,VA,36.76198,Ð75.9499,2011-05-14,2011-04-27,MALE,UNKNOWN
2772,Full,NE-2011-1131951,VA,37.44903,Ð76.26069,2011-05-20,2011-04-13,FEMALE,UNKNOWN
2773,Full,NE-2011-1131955,VA,36.78586,Ð75.95779,2011-06-01,2011-05-05,FEMALE,UNKNOWN
2785,Full,SE-2011-1131251,NC,34.802365,Ð76.686254,2011-05-15,2011-04-26,FEMALE,SUBADULT
2788,Full,SE-2011-1131776,SC,32.644292,Ð79.985306,2011-06-04,2011-05-08,MALE,YEARLING
2801,Full,SE-2011-1131873,GA,31.95723,Ð80.89951,2011-06-10,2011-05-22,MALE,PUP/CALF
2802,Full,NE-2011-1131891,MD,38.154909,Ð75.170182,2011-05-29,2011-05-05,FEMALE,SUBADULT
2803,Full,NE-2011-1131911,VA,37.2084,Ð76.01377,2011-05-07,2011-04-09,MALE,UNKNOWN
2804,Full,NE-2011-1131912,VA,37.91949,Ð75.32246,2011-05-09,2011-04-10,FEMALE,UNKNOWN
2812,Full,SE-2011-1131249,NC,35.19152,Ð75.74118,2011-05-14,2011-04-17,FEMALE,SUBADULT
2816,Full,NE-2011-1133149,VA,36.93179,Ð76.03551,2011-06-08,2011-05-17,MALE,UNKNOWN
2819,Full,NE-2011-1131926,VA,37.8526,Ð75.3797,2011-05-21,2011-04-16,UNKNOWN,UNKNOWN
2820,Full,NE-2011-1131953,VA,36.9137,Ð76.0802,2011-05-22,2011-04-24,MALE,UNKNOWN
2821,Full,NE-2011-1131954,VA,37.08614,Ð75.94583,2011-05-23,2011-04-25,FEMALE,UNKNOWN
2822,Full,NE-2011-1131957,VA,37.19512,Ð76.0065,2011-05-25,2011-04-25,UNKNOWN,UNKNOWN
2838,Full,SE-2011-1133314,SC,32.679955,Ð79.948927,2011-07-09,2011-06-18,UNKNOWN,PUP/CALF
2852,Full,SE-2011-1130739,NC,36.51962,Ð75.86186,2011-04-27,2011-04-10,FEMALE,PUP/CALF
2885,Full,SE-2011-1130966,GA,31.89116,Ð80.95379,2011-04-19,2011-03-26,MALE,UNKNOWN
2886,Full,SE-2011-1130968,GA,31.406718,Ð81.391238,2011-04-22,2011-03-25,MALE,PUP/CALF
2890,Full,NE-2011-1134774,VA,37.166,Ð75.9865,2011-06-07,2011-05-18,MALE,UNKNOWN
2892,Full,SE-2011-1132932,SC,32.67847,Ð80.10617,2011-06-17,2011-05-27,FEMALE,SUBADULT
2904,Full,SE-2011-1131067,NC,34.53034,Ð77.342498,2011-05-11,2011-04-17,MALE,PUP/CALF
2905,Full,NE-2011-1132906,MD,38.444116,Ð75.049855,2011-06-15,2011-05-28,MALE,PUP/CALF
2932,Full,NE-2011-1131591,DE,38.717778,Ð75.075833,2011-05-23,2011-04-22,MALE,ADULT
2938,Full,SE-2011-1131630,NC,36.34561,Ð75.8152,2011-06-03,2011-04-28,MALE,SUBADULT
2948,Full,SE-2011-1133043,GA,31.07209,Ð81.40278,2011-07-01,2011-06-07,FEMALE,PUP/CALF
2949,Full,SE-2011-1131712,SC,32.95403,Ð79.92361,2011-06-06,2011-05-18,MALE,PUP/CALF
2954,Full,SE-2011-1131890,NC,35.871916,Ð75.57555,2011-06-14,2011-05-29,MALE,ADULT
2955,Full,NE-2011-1131895,VA,36.64498,Ð75.8975,2011-05-07,2011-04-04,FEMALE,UNKNOWN
2957,Full,SE-2011-1133049,GA,32.084,Ð81.031183,2011-06-22,2011-05-28,FEMALE,ADULT
2964,Full,NE-2011-1131913,VA,36.575288,Ð75.872824,2011-05-11,2011-04-17,MALE,UNKNOWN
2966,Full,NE-2011-1131932,VA,36.7355,Ð75.9398,2011-05-20,2011-04-27,FEMALE,UNKNOWN
2967,Full,SE-2011-1131950,NC,35.17929,Ð75.80374,2011-06-15,2011-05-30,MALE,ADULT
2968,Full,NE-2011-1131959,VA,37.4291,Ð76.25248,2011-06-04,2011-05-04,UNKNOWN,UNKNOWN
2976,Full,SE-2011-1134085,SC,32.80781,Ð79.75639,2011-07-23,2011-07-05,UNKNOWN,SUBADULT
2981,Full,SE-2011-1134209,SC,32.116554,Ð80.829884,2011-08-02,2011-07-09,UNKNOWN,PUP/CALF
3008,Full,SE-2011-1134205,SC,32.141452,Ð80.747997,2011-08-04,2011-07-15,FEMALE,ADULT
3018,Full,NE-2011-1134308,DE,38.509154,Ð75.051985,2011-06-19,2011-05-18,FEMALE,ADULT
3019,Full,NE-2011-1134309,DE,38.531944,Ð75.053611,2011-06-26,2011-05-24,UNKNOWN,ADULT
3036,Full,NE-2012-1143217,DE,38.782173,Ð75.127409,2012-05-18,2012-04-17,MALE,PUP/CALF
3038,Full,SE-2012-1143240,NC,35.77836,Ð75.53567,2012-05-21,2012-04-26,MALE,
3046,Full,NE-2011-1134307,DE,38.748578,Ð75.080781,2011-06-09,2011-05-16,MALE,PUP/CALF
3051,Full,SE-2011-1134385,NC,35.86363,Ð75.65981,2011-08-23,2011-07-29,MALE,UNKNOWN
3054,Full,SE-2011-1134449,NC,33.8756,Ð78.47652,2011-08-26,2011-08-03,FEMALE,
3055,Full,NE-2011-1136061,NJ,39.005222,Ð74.786077,2011-06-05,2011-05-01,UNKNOWN,PUP/CALF
3056,Full,SE-2011-1136060,NC,35.939567,Ð75.712219,2011-10-07,2011-09-16,MALE,
3098,Full,SE-2011-1133852,GA,32.048245,Ð81.004102,2011-07-15,2011-06-17,MALE,
3107,Full,NE-2011-1133547,VA,36.5655,Ð75.8707,2011-06-28,2011-06-02,MALE,UNKNOWN
3108,Full,NE-2011-1133848,VA,37.03634,Ð76.29217,2011-07-24,2011-06-24,MALE,UNKNOWN
3109,Full,SE-2011-1133854,GA,31.155731,Ð81.36398,2011-07-22,2011-07-05,MALE,
3122,Full,SE-2011-1133588,NC,35.83326,Ð75.55749,2011-07-21,2011-07-02,FEMALE,PUP/CALF
3125,Full,SE-2011-1133696,NC,36.30052,Ð75.79999,2011-07-28,2011-07-07,MALE,PUP/CALF
3127,Full,NE-2011-1133845,VA,37.92027,Ð75.32716,2011-07-18,2011-06-16,UNKNOWN,UNKNOWN
3148,Full,SE-2011-1133853,GA,31.946634,Ð80.910345,2011-07-18,2011-06-09,UNKNOWN,PUP/CALF
3176,Full,NE-2011-1134345,DE,38.786111,Ð75.110278,2011-07-01,2011-06-07,FEMALE,SUBADULT
3188,Full,NE-2011-1133546,VA,37.70469,Ð75.84973,2011-06-27,2011-05-24,UNKNOWN,UNKNOWN
3214,Full,SE-2011-1133943,GA,32.04278,Ð80.96944,2011-08-06,2011-07-13,FEMALE,ADULT
3233,Full,SE-2011-1134172,NC,35.405015,Ð76.650438,2011-08-15,2011-07-29,MALE,SUBADULT
3251,Full,SE-2011-1134208,SC,33.009061,Ð79.384612,2011-07-10,2011-06-06,UNKNOWN,PUP/CALF
3256,Full,SE-2011-1133941,NC,35.914337,Ð75.598508,2011-08-06,2011-07-16,FEMALE,ADULT
3257,Full,SE-2011-1133944,NC,35.80991,Ð75.54661,2011-08-04,2011-07-15,MALE,ADULT
3268,Full,NE-2011-1134017,NY,40.5845,Ð73.725,2011-08-08,2011-07-05,FEMALE,ADULT
3272,Full,SE-2011-1134043,NC,35.049517,Ð76.048933,2011-08-06,2011-07-13,UNKNOWN,YEARLING
3275,Full,SE-2011-1134086,SC,32.799116,Ð79.9063,2011-07-25,2011-07-01,MALE,SUBADULT
3283,Full,NE-2011-1133843,VA,37.8565,Ð76.2463,2011-07-07,2011-05-31,MALE,UNKNOWN
3309,Full,SE-2011-1134089,SC,32.54687,Ð80.17271,2011-08-02,2011-07-02,UNKNOWN,SUBADULT
3311,Full,NE-2011-1133548,VA,37.587,Ð75.934,2011-06-29,2011-05-21,UNKNOWN,UNKNOWN
3312,Full,NE-2011-1133549,VA,37.03293,Ð76.29341,2011-07-03,2011-05-31,MALE,UNKNOWN
3334,Full,SE-2011-1134087,SC,32.5049,Ð80.3417,2011-07-26,2011-06-18,UNKNOWN,SUBADULT
3371,Full,SE-2011-1133819,GA,31.98679,Ð80.84865,2011-08-02,2011-06-27,UNKNOWN,YEARLING
3380,Full,SE-2011-1133851,GA,31.14892,Ð81.44625,2011-07-06,2011-06-11,FEMALE,PUP/CALF
3446,Full,SE-2011-1136389,SC,32.400201,Ð80.42902,2011-10-14,2011-09-26,UNKNOWN,SUBADULT
3448,Full,NE-2011-1136394,NJ,39.637483,Ð74.182007,2011-07-29,2011-07-04,MALE,YEARLING
3469,Full,SE-2011-1135497,SC,33.45488,Ð79.1047,2011-09-18,2011-08-24,FEMALE,ADULT
3478,Full,NE-2011-1134708,VA,36.83273,Ð75.96885,2011-08-18,2011-07-20,FEMALE,UNKNOWN
3494,Full,NE-2011-1134773,VA,37.932,Ð75.3833,2011-08-29,2011-07-27,FEMALE,UNKNOWN
3495,Full,NE-2011-1134775,VA,37.412003,Ð76.8925,2011-08-29,2011-08-11,MALE,UNKNOWN
3496,Full,SE-2011-1134734,SC,32.86473,Ð80.40055,2011-08-21,2011-08-06,UNKNOWN,ADULT
3497,Full,SE-2011-1134738,SC,32.608606,Ð80.332609,2011-08-24,2011-08-01,UNKNOWN,ADULT
3505,Full,NE-2011-1135640,NJ,39.385737,Ð74.387181,2011-05-18,2011-04-22,MALE,PUP/CALF
3510,Full,SE-2011-1134733,SC,32.8525,Ð80.40093,2011-08-20,2011-07-27,MALE,ADULT
3511,Full,NE-2011-1136039,NJ,39.260307,Ð74.594815,2011-05-29,2011-05-03,MALE,YEARLING
3537,Full,NE-2011-1135937,NJ,39.10502,Ð74.706156,2011-05-26,2011-04-22,MALE,ADULT
3538,Full,NE-2011-1135938,NJ,39.384006,Ð74.415083,2011-05-26,2011-04-20,MALE,ADULT
3546,Full,NE-2011-1134702,VA,36.69161,Ð75.92208,2011-08-06,2011-07-13,MALE,UNKNOWN
3560,Full,NE-2011-1135107,NY,40.5844,Ð73.7143,2011-06-17,2011-05-23,MALE,PUP/CALF
3564,Full,SE-2011-1134736,SC,32.660139,Ð79.943517,2011-08-28,2011-08-04,MALE,PUP/CALF
3572,Full,NE-2011-1136037,NJ,39.194055,Ð75.01767,2011-05-29,2011-04-23,UNKNOWN,YEARLING
3586,Full,SE-2011-1135677,SC,32.156172,Ð80.855061,2011-09-25,2011-09-02,MALE,PUP/CALF
3600,Full,NE-2011-1135166,DE,38.801858,Ð75.183091,2011-09-01,2011-08-10,FEMALE,ADULT
3664,Full,NE-2011-1134701,VA,37.23833,Ð76.50741,2011-08-05,2011-07-07,FEMALE,UNKNOWN
3667,Full,SE-2011-1136630,NC,33.90684,Ð78.14382,2011-10-30,2011-10-12,FEMALE,SUBADULT
3669,Full,SE-2011-1136648,NC,35.23209,Ð75.6067,2011-10-31,2011-09-26,UNKNOWN,PUP/CALF
3679,Full,NE-2011-1136440,NJ,39.364408,Ð74.407863,2011-07-30,2011-07-10,FEMALE,ADULT
3680,Full,NE-2011-1136441,NJ,39.584102,Ð74.220064,2011-07-31,2011-06-28,MALE,ADULT
3702,Full,SE-2011-1136500,NC,36.14537,Ð75.73446,2011-10-25,2011-09-28,MALE,
3705,Full,NE-2011-1136543,VA,36.9093,Ð76.0976,2011-10-08,2011-09-13,FEMALE,UNKNOWN
3707,Full,NE-2011-1136545,VA,36.93123,Ð76.18898,2011-10-09,2011-08-31,MALE,UNKNOWN
3709,Full,NE-2011-1136541,VA,37.09215,Ð75.98001,2011-09-27,2011-08-31,MALE,UNKNOWN
3712,Full,SE-2011-1136604,GA,31.46113,Ð81.21552,2011-08-30,2011-08-04,UNKNOWN,UNKNOWN
3724,Full,NE-2011-1136547,VA,37.32029,Ð76.27312,2011-10-13,2011-09-17,MALE,UNKNOWN
3726,Full,NE-2011-1136549,VA,36.92371,Ð76.14507,2011-10-13,2011-09-21,MALE,UNKNOWN
3741,Full,SE-2011-1136605,GA,31.49891,Ð81.19282,2011-08-30,2011-07-30,MALE,UNKNOWN
3760,Full,NE-2011-1136103,NJ,39.243716,Ð74.614858,2011-06-10,2011-05-14,FEMALE,YEARLING
3761,Full,SE-2011-1134735,SC,32.622997,Ð79.994077,2011-08-21,2011-07-15,FEMALE,PUP/CALF
3766,Full,NE-2011-1136320,NJ,39.915647,Ð74.076005,2011-07-14,2011-06-20,UNKNOWN,YEARLING
3767,Full,NE-2011-1136322,NJ,39.016674,Ð74.791496,2011-07-21,2011-06-22,UNKNOWN,YEARLING
3778,Full,NE-2011-1136160,VA,37.86072,Ð75.39036,2011-07-15,2011-06-23,MALE,UNKNOWN
3794,Full,SE-2011-1136463,NC,34.28332,Ð77.72717,2011-10-22,2011-10-03,MALE,YEARLING
3810,Full,NE-2011-1135247,NJ,39.036806,Ð74.767328,2011-04-20,2011-04-03,FEMALE,ADULT
3819,Full,NE-2011-1136038,NJ,39.194055,Ð75.01767,2011-05-29,2011-04-27,UNKNOWN,YEARLING
3824,Full,NE-2011-1134817,MD,38.86732,Ð76.367502,2011-07-28,2011-06-27,FEMALE,SUBADULT
3830,Full,NE-2011-1136101,NJ,40.150233,Ð74.021876,2011-06-01,2011-05-04,UNKNOWN,ADULT
3840,Full,NE-2011-1135156,DE,39.103,Ð75.402,2011-05-29,2011-04-26,MALE,SUBADULT
3851,Full,SE-2011-1135500,NC,34.40552,Ð77.57545,2011-09-22,2011-09-03,MALE,
3860,Full,NE-2011-1135161,DE,38.994279,Ð75.321186,2011-08-05,2011-07-01,MALE,PUP/CALF
3911,Full,NE-2011-1134700,VA,36.64061,Ð75.8957,2011-08-05,2011-07-08,FEMALE,UNKNOWN
3912,Full,NE-2011-1134707,VA,36.9194,Ð75.99406,2011-08-17,2011-07-19,MALE,UNKNOWN
3913,Full,SE-2011-1134709,SC,32.12031,Ð80.84016,2011-08-16,2011-07-30,MALE,YEARLING
3930,Full,NE-2011-1135597,VA,37.00163,Ð76.36453,2011-09-15,2011-08-23,FEMALE,UNKNOWN
4019,Full,NE-2011-1136321,NJ,39.738785,Ð74.114742,2011-07-14,2011-06-10,UNKNOWN,ADULT
4033,Full,SE-2012-1138538,NC,35.85997,Ð75.56849,2012-01-08,2011-12-18,FEMALE,ADULT
4036,Full,SE-2012-1138570,NC,35.83691,Ð75.55898,2012-01-08,2011-12-15,MALE,SUBADULT
4054,Full,NE-2012-1138812,VA,37.107228,Ð75.95405,2012-01-06,2011-12-01,MALE,UNKNOWN
4061,Full,SE-2012-1139439,NC,35.365666,Ð76.56333,2012-01-26,2012-01-04,UNKNOWN,UNKNOWN
4062,Full,SE-2012-1139440,NC,35.365298,Ð76.562601,2012-01-26,2012-01-08,UNKNOWN,UNKNOWN
4065,Full,SE-2012-1138890,SC,33.222856,Ð79.186492,2012-01-18,2011-12-21,MALE,PUP/CALF
4076,Full,SE-2012-1138976,NC,35.00523,Ð76.1202,2012-01-28,2012-01-07,UNKNOWN,
4085,Full,SE-2011-1137708,NC,35.50246,Ð75.47525,2011-12-01,2011-11-08,MALE,ADULT
4105,Full,SE-2011-1137123,NC,34.1921,Ð77.8054,2011-11-20,2011-10-29,MALE,ADULT
4106,Full,SE-2011-1137243,NC,34.923379,Ð76.223314,2011-11-23,2011-11-04,FEMALE,
4110,Full,SE-2012-1138763,NC,35.7708,Ð75.52105,2012-01-17,2011-12-30,FEMALE,SUBADULT
4111,Full,NE-2011-1136873,VA,36.75388,Ð75.945934,2011-10-25,2011-09-28,UNKNOWN,UNKNOWN
4121,Full,NE-2011-1136859,VA,37.27286,Ð76.02157,2011-10-20,2011-09-26,FEMALE,UNKNOWN
4157,Full,NE-2011-1136874,VA,36.9314,Ð76.1917,2011-10-30,2011-10-04,MALE,UNKNOWN
4158,Full,SE-2011-1137267,GA,32.0265,Ð80.8547,2011-11-17,2011-10-25,FEMALE,ADULT
4163,Full,SE-2011-1137992,NC,35.37767,Ð75.49878,2011-12-10,2011-11-18,FEMALE,PUP/CALF
4168,Full,SE-2011-1136817,NC,36.15982,Ð75.74134,2011-11-07,2011-10-01,UNKNOWN,
4181,Full,SE-2011-1137707,NC,35.11522,Ð75.98737,2011-11-26,2011-11-06,FEMALE,ADULT
4196,Full,SE-2011-1136820,NC,35.06991,Ð76.00222,2011-11-06,2011-10-17,FEMALE,ADULT
4205,Full,SE-2012-1139316,NC,34.9321,Ð76.79821,2012-02-13,2012-01-20,MALE,SUBADULT
4209,Full,SE-2011-1138421,GA,31.91055,Ð80.93667,2011-12-08,2011-11-09,MALE,UNKNOWN
4215,Full,SE-2011-1138529,SC,32.137153,Ð80.757603,2011-11-15,2011-10-22,MALE,PUP/CALF
4222,Full,SE-2012-1139361,NC,36.49994,Ð75.85699,2012-02-16,2012-01-27,MALE,ADULT
4235,Full,NE-2011-1138810,VA,37.14377,Ð75.86979,2011-12-30,2011-11-24,UNKNOWN,UNKNOWN
4272,Full,NE-2010-1139032,DE,38.47291,Ð75.04956,2010-08-14,2010-07-23,FEMALE,PUP/CALF
4277,Full,SE-2012-1138975,SC,32.5581,Ð80.17149,2012-01-28,2011-12-22,MALE,YEARLING
4280,Full,SE-2011-1138416,GA,31.87692,Ð80.97199,2011-12-01,2011-10-27,UNKNOWN,UNKNOWN
4320,Full,SE-2011-1138531,SC,32.33265,Ð80.46297,2011-12-19,2011-11-25,FEMALE,ADULT
4335,Full,SE-2011-1136818,NC,36.26953,Ð75.78891,2011-11-07,2011-10-10,MALE,ADULT
4341,Full,SE-2012-1138789,NC,33.913492,Ð78.265892,2012-01-21,2011-12-26,FEMALE,
4342,Full,NE-2012-1138811,VA,37.089105,Ð75.977165,2012-01-06,2011-12-16,MALE,UNKNOWN
4388,Full,SE-2011-1136862,NC,34.29213,Ð77.71507,2011-11-10,2011-10-14,MALE,
4435,Full,SE-2011-1138530,SC,32.5692,Ð80.20798,2011-12-10,2011-11-14,FEMALE,SUBADULT
4452,Full,SE-2011-1138415,GA,30.9726,Ð81.4062,2011-11-18,2011-10-15,MALE,UNKNOWN
4463,Full,NE-2011-1137595,NJ,39.151467,Ð74.691077,2011-10-19,2011-10-03,FEMALE,ADULT
4468,Full,SE-2011-1138532,SC,32.75913,Ð79.85911,2011-12-28,2011-12-06,MALE,PUP/CALF
4481,Full,NE-2011-1137248,NJ,39.089804,Ð74.720427,2011-10-18,2011-09-23,MALE,PUP/CALF
4498,Full,SE-2012-1143913,SC,32.6628,Ð79.9202,2012-06-15,2012-05-27,MALE,PUP/CALF
4499,Full,NE-2012-1143948,NJ,39.352744,Ð74.438718,2012-06-01,2012-05-02,UNKNOWN,
4505,Full,SE-2012-1140646,NC,35.12136,Ð75.92543,2012-03-23,2012-02-22,MALE,PUP/CALF
4515,Full,SE-2012-1141445,NC,35.56548,Ð75.4615,2012-04-03,2012-03-06,FEMALE,SUBADULT
4517,Full,NE-2012-1141457,VA,36.664466,Ð75.904907,2012-03-15,2012-02-20,MALE,UNKNOWN
4520,Full,SE-2012-1141479,NC,34.90023,Ð76.25296,2012-04-05,2012-03-17,MALE,
4523,Full,NE-2012-1143871,DE,38.957273,Ð75.308533,2012-06-08,2012-05-13,FEMALE,ADULT
4528,Full,SE-2012-1141480,NC,34.91425,Ð76.23508,2012-04-05,2012-03-15,MALE,
4529,Full,SE-2012-1141481,NC,34.60338,Ð76.54408,2012-04-05,2012-03-11,MALE,
4532,Full,SE-2012-1143911,SC,32.59136,Ð80.11739,2012-06-01,2012-05-10,FEMALE,YEARLING
4533,Full,SE-2012-1143914,SC,32.63749,Ð80.00929,2012-06-19,2012-05-26,MALE,PUP/CALF
4534,Full,NE-2012-1143873,DE,38.502778,Ð75.051667,2012-05-20,2012-04-30,UNKNOWN,PUP/CALF
4556,Full,SE-2012-1139498,SC,33.60617,Ð78.96948,2012-02-09,2012-01-17,FEMALE,YEARLING
4557,Full,SE-2012-1139499,SC,32.11763,Ð80.82793,2012-02-12,2012-01-11,UNKNOWN,SUBADULT
4562,Full,SE-2012-1140324,GA,31.87757,Ð81.05702,2012-03-13,2012-02-23,MALE,PUP/CALF
4566,Full,SE-2012-1139501,SC,32.79094,Ð79.77275,2012-02-16,2012-01-16,FEMALE,ADULT
4575,Full,SE-2012-1142549,NC,36.3572,Ð75.81872,2012-04-28,2012-04-06,MALE,PUP/CALF
4586,Full,SE-2012-1142571,NC,35.48585,Ð75.47857,2012-04-28,2012-04-10,FEMALE,PUP/CALF
4595,Full,SE-2012-1142713,SC,32.693817,Ð79.903233,2012-04-28,2012-04-04,FEMALE,PUP/CALF
4604,Full,NE-2012-1142936,VA,37.1343,Ð75.97157,2012-04-24,2012-04-04,UNKNOWN,
4606,Full,NE-2012-1142486,VA,36.928037,Ð76.006787,2012-04-02,2012-03-06,MALE,UNKNOWN
4608,Full,SE-2012-1142874,NC,35.12453,Ð75.91901,2012-05-07,2012-04-14,FEMALE,ADULT
4612,Full,SE-2012-1140132,NC,35.22105,Ð75.65453,2012-03-11,2012-02-16,FEMALE,
4613,Full,SE-2012-1140134,NC,35.23363,Ð75.56393,2012-03-13,2012-02-15,MALE,SUBADULT
4630,Full,SE-2012-1139729,GA,31.15846,Ð81.49911,2012-03-01,2012-02-05,MALE,SUBADULT
4636,Full,SE-2012-1140325,GA,31.28235,Ð81.38122,2012-03-19,2012-02-23,UNKNOWN,ADULT
4652,Full,SE-2012-1143440,SC,32.482528,Ð80.323472,2012-05-20,2012-04-19,MALE,PUP/CALF
4654,Full,NE-2012-1143111,DE,38.637778,Ð75.065278,2012-05-06,2012-03-31,UNKNOWN,ADULT
4659,Full,NE-2012-1143643,VA,37.11323,Ð76.32388,2012-05-03,2012-03-23,MALE,UNKNOWN
4660,Full,NE-2012-1143648,VA,36.76676,Ð75.95126,2012-05-07,2012-04-10,UNKNOWN,UNKNOWN
4661,Full,NE-2012-1143693,VA,37.5485,Ð76.3281,2012-05-23,2012-04-22,MALE,UNKNOWN
4662,Full,NE-2012-1143712,VA,36.93168,Ð76.03755,2012-05-28,2012-04-29,FEMALE,UNKNOWN
4668,Full,NE-2012-1143220,DE,38.593319,Ð75.058787,2012-05-21,2012-04-18,UNKNOWN,ADULT
4669,Full,NE-2012-1143308,NJ,39.291918,Ð74.551772,2012-05-08,2012-04-03,UNKNOWN,PUP/CALF
4670,Full,NE-2012-1143309,NY,40.5539,Ð73.9125,2012-05-24,2012-04-30,MALE,ADULT
4671,Full,SE-2012-1140342,GA,31.13689,Ð81.40566,2012-03-26,2012-03-04,FEMALE,UNKNOWN
4687,Full,SE-2012-1140104,NC,33.91424,Ð78.17929,2012-03-16,2012-02-17,MALE,YEARLING
4697,Full,SE-2012-1142050,NC,35.56179,Ð75.46163,2012-04-19,2012-03-28,MALE,ADULT
4698,Full,SE-2012-1140135,NC,35.19881,Ð75.71928,2012-03-15,2012-02-23,UNKNOWN,YEARLING
4699,Full,SE-2012-1140133,NC,35.22105,Ð75.65453,2012-03-11,2012-02-04,FEMALE,
4700,Full,SE-2012-1140159,NC,36.16438,Ð75.74321,2012-03-18,2012-02-25,MALE,SUBADULT
4702,Full,SE-2012-1142051,NC,35.57652,Ð75.46133,2012-04-20,2012-03-30,MALE,PUP/CALF
4710,Full,SE-2012-1139500,SC,32.78611,Ð79.909,2012-02-15,2012-01-23,FEMALE,ADULT
4727,Full,SE-2012-1140323,GA,31.9918,Ð80.8461,2012-03-11,2012-02-15,UNKNOWN,ADULT
4732,Full,NE-2012-1140570,VA,36.66556,Ð75.90825,2012-03-14,2012-02-21,MALE,UNKNOWN
4738,Full,SE-2012-1139495,GA,30.78201,Ð81.45638,2012-02-22,2012-01-24,MALE,SUBADULT
4744,Full,SE-2012-1140648,NC,35.22808,Ð75.62676,2012-03-26,2012-02-19,MALE,PUP/CALF
4766,Full,SE-2012-1140647,NC,35.101925,Ð75.960564,2012-03-24,2012-03-05,MALE,PUP/CALF
4767,Full,SE-2012-1140665,SC,32.71415,Ð80.694478,2012-03-16,2012-02-11,FEMALE,ADULT
4768,Full,SE-2012-1140666,SC,32.197483,Ð80.790994,2012-03-16,2012-02-17,FEMALE,PUP/CALF
4781,Full,SE-2012-1139773,NC,35.22796,Ð75.52731,2012-03-07,2012-02-17,MALE,PUP/CALF
4782,Full,SE-2012-1141449,NC,34.89932,Ð76.25402,2012-03-29,2012-03-08,FEMALE,ADULT
4784,Full,SE-2012-1141482,NC,36.27119,Ð75.78945,2012-04-07,2012-03-13,MALE,SUBADULT
4785,Full,SE-2012-1141485,NC,35.035,Ð76.0788,2012-04-02,2012-02-27,MALE,
4821,Full,SE-2012-1141688,GA,31.13066,Ð81.46266,2012-04-08,2012-03-05,MALE,ADULT
4822,Full,SE-2012-1141691,GA,31.9809,Ð81.29625,2012-04-15,2012-03-25,FEMALE,ADULT
4827,Full,SE-2012-1140335,NC,35.17703,Ð75.79161,2012-03-19,2012-02-24,FEMALE,SUBADULT
4835,Full,SE-2012-1143931,NC,35.95519,Ð76.3026,2012-06-22,2012-05-25,MALE,
4846,Full,SE-2012-1143996,NC,35.67817,Ð75.48393,2012-06-23,2012-05-19,MALE,
4888,Full,NE-2012-1142933,VA,37.13676,Ð75.972193,2012-04-20,2012-03-29,MALE,UNKNOWN
4889,Full,NE-2012-1142939,VA,36.58988,Ð75.8761,2012-04-30,2012-04-05,FEMALE,UNKNOWN
4907,Full,SE-2012-1144169,SC,32.798779,Ð79.779484,2012-06-25,2012-05-29,MALE,PUP/CALF
4918,Full,SE-2012-1144170,NC,34.71146,Ð76.945637,2012-07-03,2012-06-08,UNKNOWN,SUBADULT
4920,Full,NE-2012-1144189,NJ,39.031628,Ð74.772461,2012-06-13,2012-05-13,UNKNOWN,YEARLING
4924,Full,SE-2012-1141461,SC,32.78716,Ð79.90997,2012-03-20,2012-02-29,MALE,YEARLING
4925,Full,SE-2012-1141483,NC,34.69358,Ð76.68481,2012-03-30,2012-03-11,FEMALE,
4927,Full,NE-2012-1142886,VA,36.70339,Ð75.927375,2012-04-18,2012-03-28,MALE,UNKNOWN
4928,Full,NE-2012-1142938,VA,37.21877,Ð76.43795,2012-04-24,2012-03-18,UNKNOWN,UNKNOWN
4929,Full,NE-2012-1142940,VA,36.55273,Ð75.86828,2012-04-30,2012-04-04,MALE,UNKNOWN
4935,Full,NE-2012-1143118,NJ,39.326642,Ð74.497738,2012-05-04,2012-04-10,MALE,PUP/CALF
4936,Full,SE-2012-1142744,SC,32.185243,Ð80.752569,2012-04-20,2012-03-22,UNKNOWN,PUP/CALF
4939,Full,NE-2012-1142889,VA,37.65199,Ð76.33828,2012-04-19,2012-03-17,MALE,UNKNOWN
4941,Full,SE-2012-1141447,NC,35.62976,Ð75.46898,2012-04-03,2012-03-10,MALE,ADULT
4942,Full,SE-2012-1142570,NC,35.81976,Ð75.55141,2012-04-28,2012-04-13,MALE,PUP/CALF
4945,Full,SE-2012-1141443,NC,35.22508,Ð75.53681,2012-03-31,2012-02-24,FEMALE,ADULT
4952,Full,NE-2012-1143110,DE,38.6325,Ð75.065278,2012-05-05,2012-04-10,UNKNOWN,PUP/CALF
4963,Full,SE-2012-1143315,GA,31.99152,Ð81.10272,2012-05-20,2012-04-21,MALE,ADULT
4965,Full,NE-2012-1143600,NJ,38.962244,Ð74.963179,2012-05-11,2012-04-16,UNKNOWN,PUP/CALF
4974,Full,NE-2012-1143644,VA,36.66004,Ð75.90546,2012-05-07,2012-04-12,MALE,UNKNOWN
4975,Full,NE-2012-1143655,VA,37.87544,Ð75.35234,2012-05-10,2012-04-15,MALE,UNKNOWN
4976,Full,NE-2012-1143656,VA,36.79389,Ð75.96067,2012-05-11,2012-04-10,UNKNOWN,UNKNOWN
4985,Full,NE-2012-1143673,VA,37.09813,Ð75.98022,2012-05-16,2012-04-21,FEMALE,UNKNOWN
4987,Full,NE-2012-1143691,VA,37.5347,Ð76.3293,2012-05-18,2012-04-12,FEMALE,UNKNOWN
4988,Full,NE-2012-1143692,VA,36.6719,Ð75.9123,2012-05-19,2012-04-17,UNKNOWN,UNKNOWN
4989,Full,NE-2012-1143697,VA,36.7454,Ð75.9441,2012-05-25,2012-04-22,MALE,UNKNOWN
4992,Full,NE-2012-1142484,VA,36.75705,Ð75.9474,2012-03-26,2012-02-25,FEMALE,UNKNOWN
5001,Full,NE-2012-1143711,VA,37.4037,Ð75.9732,2012-05-24,2012-04-18,UNKNOWN,UNKNOWN
5002,Full,NE-2012-1143714,VA,37.521698,Ð75.950023,2012-06-03,2012-04-29,FEMALE,UNKNOWN
5003,Full,SE-2012-1143716,NC,35.96379,Ð75.64346,2012-06-13,2012-05-23,MALE,
5004,Full,NE-2012-1143755,VA,36.56518,Ð75.87107,2012-06-05,2012-05-10,FEMALE,UNKNOWN
5005,Full,NE-2012-1143756,VA,36.56518,Ð75.87107,2012-06-05,2012-05-13,FEMALE,UNKNOWN
5006,Full,NE-2012-1143758,VA,36.91168,Ð75.9899,2012-06-05,2012-05-06,MALE,UNKNOWN
5009,Full,SE-2012-1142794,NC,33.87662,Ð78.47169,2012-05-08,2012-04-09,MALE,SUBADULT
5010,Full,SE-2012-1142856,SC,32.59555,Ð80.1775,2012-05-09,2012-04-05,FEMALE,PUP/CALF
5022,Full,SE-2012-1143912,SC,32.48878,Ð80.42203,2012-06-03,2012-05-04,MALE,PUP/CALF
5025,Full,NE-2012-1144433,NJ,39.040132,Ð74.764212,2012-07-02,2012-06-12,MALE,SUBADULT
5028,Full,SE-2012-1144647,SC,32.71766,Ð79.93072,2012-06-25,2012-05-27,FEMALE,ADULT
5029,Full,NE-2012-1144650,VA,37.28763,Ð76.01586,2012-07-14,2012-06-13,MALE,UNKNOWN
5033,Full,SE-2012-1144209,NC,34.4403,Ð77.51921,2012-07-07,2012-06-13,MALE,
5034,Full,SE-2012-1144249,NC,34.69105,Ð76.84425,2012-07-10,2012-06-20,UNKNOWN,ADULT
5036,Full,NE-2012-1144330,NJ,38.945,Ð74.846667,2012-06-23,2012-05-31,UNKNOWN,SUBADULT
5037,Full,NE-2012-1144435,NJ,40.393086,Ð73.974642,2012-07-09,2012-06-04,UNKNOWN,SUBADULT
5055,Full,SE-2012-1144632,GA,32.01707,Ð80.88303,2012-06-26,2012-06-07,MALE,SUBADULT
5059,Full,NE-2012-1144439,NY,40.5527,Ð74.1093,2012-07-11,2012-06-13,MALE,ADULT
5065,Full,SE-2012-1144648,SC,32.393631,Ð80.706296,2012-07-03,2012-06-19,UNKNOWN,SUBADULT
5080,Full,SE-2012-1142329,SC,32.75359,Ð79.84941,2012-04-22,2012-03-23,MALE,PUP/CALF
5090,Full,SE-2012-1141718,SC,32.197825,Ð80.869192,2012-04-13,2012-03-22,MALE,PUP/CALF
5107,Full,SE-2012-1143159,SC,32.76798,Ð79.8734,2012-05-17,2012-04-27,UNKNOWN,PUP/CALF
5109,Full,SE-2012-1143312,GA,31.71648,Ð81.33508,2012-04-29,2012-04-05,MALE,PUP/CALF
5121,Full,SE-2012-1142733,SC,32.74527,Ð79.95002,2012-05-02,2012-04-12,FEMALE,ADULT
5122,Full,SE-2012-1141440,NC,35.22521,Ð75.52785,2012-03-29,2012-03-08,FEMALE,PUP/CALF
5123,Full,SE-2012-1143441,SC,32.74731,Ð80.00744,2012-05-23,2012-05-02,MALE,PUP/CALF
5133,Full,NE-2012-1142485,VA,36.77114,Ð75.95294,2012-04-01,2012-03-01,MALE,UNKNOWN
5135,Full,NE-2012-1142935,VA,37.17571,Ð75.98999,2012-04-21,2012-03-23,MALE,UNKNOWN
5136,Full,SE-2012-1143316,GA,32.04225,Ð80.93595,2012-05-25,2012-05-02,FEMALE,ADULT
5139,Full,NE-2012-1143646,VA,36.88132,Ð76.351073,2012-05-08,2012-04-15,MALE,UNKNOWN
5141,Full,NE-2012-1143654,VA,37.05058,Ð76.28558,2012-05-08,2012-04-02,FEMALE,UNKNOWN
5142,Full,NE-2012-1143657,VA,37.16607,Ð75.98815,2012-05-15,2012-04-17,MALE,UNKNOWN
5147,Full,SE-2012-1142714,SC,32.667117,Ð80.131783,2012-04-29,2012-04-07,MALE,PUP/CALF
5148,Full,NE-2012-1142937,VA,37.393364,Ð75.712037,2012-05-02,2012-04-10,UNKNOWN,UNKNOWN
5149,Full,NE-2012-1142489,VA,37.25636,Ð76.02464,2012-04-06,2012-03-09,UNKNOWN,UNKNOWN
5152,Full,NE-2012-1143675,VA,36.927461,Ð76.045922,2012-05-19,2012-05-01,FEMALE,UNKNOWN
5154,Full,NE-2012-1143695,VA,37.8653,Ð75.4481,2012-05-18,2012-04-20,UNKNOWN,UNKNOWN
5156,Full,NE-2012-1143713,VA,37.09663,Ð76.54655,2012-05-31,2012-04-30,FEMALE,UNKNOWN
5157,Full,SE-2012-1143715,NC,36.3634,Ð75.82041,2012-06-13,2012-05-28,FEMALE,
5160,Full,NE-2012-1143653,VA,36.928683,Ð76.170867,2012-05-07,2012-04-12,MALE,UNKNOWN
5163,Full,NE-2012-1143632,NJ,39.994944,Ð74.059985,2012-05-24,2012-04-27,UNKNOWN,ADULT
5167,Full,SE-2012-1141439,NC,35.19088,Ð75.76868,2012-03-27,2012-02-28,FEMALE,UNKNOWN
5171,Full,NE-2012-1143218,DE,38.790168,Ð75.158458,2012-05-21,2012-04-27,UNKNOWN,PUP/CALF
5174,Full,NE-2012-1143915,DE,38.772095,Ð75.083656,2012-05-25,2012-04-27,FEMALE,PUP/CALF
5177,Full,NE-2012-1143950,NJ,40.208233,Ð73.99725,2012-06-06,2012-05-10,UNKNOWN,UNKNOWN
5179,Full,NE-2012-1143645,VA,36.91307,Ð75.99114,2012-05-07,2012-04-14,FEMALE,UNKNOWN
5180,Full,NE-2012-1143674,VA,37.1084,Ð76.2946,2012-05-18,2012-04-14,UNKNOWN,UNKNOWN
5183,Full,NE-2012-1143696,VA,37.82472,Ð75.49565,2012-05-29,2012-04-21,MALE,UNKNOWN
5186,Full,NE-2012-1143221,DE,38.762818,Ð75.081918,2012-05-18,2012-04-21,MALE,PUP/CALF
5188,Full,SE-2012-1143945,NC,33.89328,Ð78.41001,2012-06-23,2012-06-06,FEMALE,
5193,Full,NE-2012-1144291,NJ,39.342234,Ð74.464578,2012-06-10,2012-05-20,MALE,PUP/CALF
5195,Full,SE-2012-1142979,NC,34.59878,Ð76.5322,2012-05-14,2012-04-27,FEMALE,PUP/CALF
5199,Full,NE-2012-1143677,VA,37.06746,Ð76.28092,2012-05-18,2012-04-17,FEMALE,UNKNOWN
5200,Full,NE-2012-1143811,DE,38.9515,Ð75.20324,2012-06-06,2012-05-12,UNKNOWN,SUBADULT
5207,Full,NE-2012-1143951,NJ,39.707335,Ð74.131159,2012-06-07,2012-05-13,UNKNOWN,ADULT
5217,Full,SE-2012-1144290,SC,32.79684,Ð79.78814,2012-06-24,2012-06-02,FEMALE,ADULT
5218,Full,NE-2012-1144292,NJ,39.636827,Ð74.182348,2012-06-18,2012-05-26,UNKNOWN,PUP/CALF
5219,Full,NE-2012-1144293,NJ,39.346667,Ð74.416,2012-06-20,2012-06-05,MALE,PUP/CALF
5223,Full,NE-2012-1144597,VA,37.731774,Ð76.326522,2012-06-17,2012-05-14,FEMALE,UNKNOWN
5224,Full,NE-2012-1144598,VA,36.95595,Ð76.31733,2012-07-11,2012-06-13,MALE,UNKNOWN
5227,Full,SE-2012-1145060,NC,35.23251,Ð75.60255,2012-09-19,2012-08-17,UNKNOWN,
5272,Full,SE-2012-1145127,SC,32.61009,Ð80.02087,2012-09-04,2012-08-11,FEMALE,ADULT
5273,Full,SE-2012-1145128,SC,33.41426,Ð79.1299,2012-09-05,2012-08-16,FEMALE,PUP/CALF
5274,Full,SE-2012-1145129,SC,32.89695,Ð79.60966,2012-09-06,2012-08-14,FEMALE,SUBADULT
5275,Full,SE-2012-1145130,SC,32.9321,Ð79.63462,2012-09-07,2012-08-03,FEMALE,ADULT
5276,Full,NE-2012-1145449,VA,36.92239,Ð75.99726,2012-10-02,2012-08-26,MALE,UNKNOWN
5277,Full,NE-2012-1145450,VA,36.949796,Ð76.242067,2012-10-17,2012-09-26,MALE,UNKNOWN
5287,Full,SE-2012-1145301,NC,34.4721,Ð77.46233,2012-09-19,2012-08-29,MALE,SUBADULT
5288,Full,SE-2012-1145302,NC,35.91173,Ð75.69818,2012-10-15,2012-09-08,MALE,
5289,Full,SE-2012-1145573,NC,35.56289,Ð75.46161,2012-10-31,2012-10-09,FEMALE,SUBADULT
5308,Full,NE-2012-1145062,DE,38.715686,Ð75.075674,2012-05-23,2012-04-30,MALE,PUP/CALF
5316,Full,SE-2012-1145209,NC,33.87605,Ð78.48018,2012-10-08,2012-09-12,FEMALE,
5317,Full,SE-2012-1145210,NC,35.040387,Ð76.097908,2012-10-05,2012-09-16,MALE,SUBADULT
5320,Full,SE-2012-1144947,GA,31.0539,Ð81.40681,2012-08-28,2012-07-24,UNKNOWN,ADULT
5321,Full,SE-2012-1144948,GA,30.86086,Ð81.42216,2012-08-28,2012-07-29,UNKNOWN,UNKNOWN
5340,Full,SE-2012-1145310,GA,31.92922,Ð81.07049,2012-10-17,2012-09-18,FEMALE,SUBADULT
5341,Full,NE-2012-1145311,NJ,39.736178,Ð74.116333,2012-10-10,2012-09-20,FEMALE,YEARLING
5342,Full,SE-2012-1145558,SC,32.35025,Ð80.67175,2012-11-01,2012-09-28,MALE,ADULT
5343,Full,SE-2012-1145559,SC,32.19037,Ð80.69857,2012-11-02,2012-10-07,FEMALE,ADULT
5344,Full,SE-2012-1145560,SC,32.66585,Ð79.91428,2012-11-09,2012-10-13,MALE,YEARLING
5347,Full,NE-2012-1145629,VA,38.001417,Ð75.263278,2012-10-16,2012-09-09,UNKNOWN,UNKNOWN
5354,Full,SE-2012-1145161,NC,36.03014,Ð75.66511,2012-09-28,2012-09-08,FEMALE,SUBADULT
5355,Full,SE-2012-1145162,NC,36.04737,Ð75.6767,2012-10-01,2012-09-03,MALE,ADULT
5356,Full,SE-2012-1145163,NC,35.07597,Ð75.99579,2012-10-02,2012-09-08,MALE,SUBADULT
5357,Full,SE-2012-1145164,NC,35.12295,Ð75.92262,2012-10-03,2012-09-05,MALE,ADULT
5359,Full,SE-2012-1145453,NC,36.0778,Ð76.4196,2012-08-14,2012-07-16,MALE,ADULT
5365,Full,SE-2012-1145517,NC,35.23308,Ð75.55889,2012-11-02,2012-10-12,MALE,SUBADULT
5366,Full,SE-2012-1145518,NC,35.23369,Ð75.56245,2012-11-02,2012-10-17,MALE,
5367,Full,SE-2012-1145519,NC,35.37907,Ð75.49206,2012-11-07,2012-10-19,MALE,ADULT
5369,Full,SE-2012-1144928,NC,35.580919,Ð75.461228,2012-08-28,2012-08-11,MALE,
5370,Full,SE-2012-1144929,NC,34.8736,Ð76.692517,2012-08-29,2012-08-04,FEMALE,YEARLING
5371,Full,SE-2012-1144930,NC,35.9366,Ð75.6218,2012-08-28,2012-08-01,MALE,SUBADULT
5372,Full,SE-2012-1144931,SC,32.1528,Ð80.8502,2012-08-14,2012-07-09,FEMALE,ADULT
5374,Full,SE-2012-1144968,SC,33.5926,Ð78.9823,2012-08-20,2012-07-25,FEMALE,PUP/CALF
5375,Full,SE-2012-1144969,SC,33.50588,Ð79.05952,2012-08-24,2012-08-01,MALE,PUP/CALF
5378,Full,SE-2012-1144977,NC,36.02572,Ð75.66226,2012-09-04,2012-08-10,FEMALE,ADULT
5404,Full,SE-2012-1144965,GA,31.33129,Ð81.44144,2012-09-05,2012-08-08,MALE,UNKNOWN
5406,Full,SE-2012-1145007,GA,31.46622,Ð81.2112,2012-09-07,2012-08-14,MALE,ADULT
5407,Full,SE-2012-1145247,SC,32.7896,Ð79.77621,2012-09-21,2012-08-25,MALE,YEARLING
5408,Full,SE-2012-1145248,SC,32.6636,Ð79.93377,2012-09-23,2012-08-25,MALE,YEARLING
5409,Full,SE-2012-1145249,SC,32.75762,Ð79.85837,2012-10-03,2012-09-04,FEMALE,YEARLING
5410,Full,SE-2012-1145250,SC,32.59955,Ð80.09042,2012-10-07,2012-09-18,UNKNOWN,
5411,Full,SE-2012-1145251,NC,35.940687,Ð76.561299,2012-10-10,2012-09-16,FEMALE,
5412,Full,SE-2012-1145252,SC,32.37818,Ð80.63888,2012-09-27,2012-08-31,FEMALE,ADULT
5413,Full,SE-2012-1145253,SC,32.12184,Ð80.82568,2012-09-30,2012-09-01,MALE,SUBADULT
5419,Full,NE-2012-1144980,VA,37.79049,Ð75.52553,2012-08-23,2012-07-24,FEMALE,UNKNOWN
5420,Full,NE-2012-1144981,VA,37.384103,Ð75.984933,2012-07-27,2012-06-29,FEMALE,UNKNOWN
5421,Full,NE-2012-1144982,VA,37.137518,Ð75.972345,2012-07-28,2012-07-01,MALE,UNKNOWN
5423,Full,NE-2012-1144984,NJ,39.376148,Ð74.427907,2012-08-01,2012-06-30,UNKNOWN,ADULT
5424,Full,SE-2012-1144985,NC,36.52031,Ð75.8619,2012-09-07,2012-08-16,MALE,SUBADULT
5432,Full,NE-2012-1145109,DE,38.771216,Ð75.081875,2012-07-18,2012-06-30,UNKNOWN,
5442,Full,SE-2012-1145039,NC,35.11605,Ð75.93516,2012-09-13,2012-08-21,MALE,PUP/CALF
5449,Full,SE-2012-1145008,GA,31.16476,Ð81.35817,2012-09-08,2012-08-17,FEMALE,YEARLING
5453,Full,NE-2012-1144927,MD,38.1331,Ð75.1767,2012-05-24,2012-04-18,UNKNOWN,UNKNOWN
5479,Full,SE-2012-1144830,SC,32.82006,Ð79.75182,2012-07-12,2012-06-16,FEMALE,ADULT
5480,Full,SE-2012-1144831,SC,32.77479,Ð79.80711,2012-07-13,2012-06-22,MALE,YEARLING
5482,Full,NE-2012-1145667,VA,37.01606,Ð76.29827,2012-10-27,2012-09-20,MALE,UNKNOWN
5498,Full,NE-2012-1144902,MD,38.4176,Ð75.05464,2012-06-06,2012-05-05,FEMALE,PUP/CALF
5499,Full,SE-2012-1144907,NC,35.33256,Ð75.50434,2012-08-24,2012-07-23,UNKNOWN,ADULT
5500,Full,SE-2012-1144832,SC,33.33389,Ð79.16423,2012-08-05,2012-07-10,FEMALE,PUP/CALF
5501,Full,SE-2012-1144834,SC,32.12352,Ð80.640064,2012-08-06,2012-07-03,FEMALE,ADULT
5504,Full,SE-2012-1144837,NC,36.54203,Ð75.86572,2012-08-21,2012-08-05,UNKNOWN,ADULT
5507,Full,SE-2012-1145608,GA,30.96688,Ð81.40575,2012-11-18,2012-10-14,UNKNOWN,PUP/CALF
5508,Full,SE-2012-1145609,GA,31.05926,Ð81.40498,2012-11-03,2012-10-16,MALE,SUBADULT
5510,Full,NE-2012-1145611,MD,38.338328,Ð75.080294,2012-10-27,2012-09-29,FEMALE,SUBADULT
5513,Full,SE-2012-1145614,SC,32.44556,Ð80.48157,2012-11-13,2012-10-15,MALE,ADULT
5515,Full,NE-2012-1144790,NJ,39.186523,Ð74.669364,2012-07-28,2012-07-08,UNKNOWN,ADULT
5516,Full,NE-2012-1144792,NJ,39.124309,Ð74.707895,2012-07-29,2012-07-10,MALE,ADULT
5523,Full,SE-2012-1144797,NC,36.00317,Ð75.64889,2012-08-01,2012-07-10,MALE,ADULT
5526,Full,SE-2012-1144814,SC,33.3771,Ð79.1282,2012-08-02,2012-07-13,MALE,SUBADULT
5537,Full,NE-2012-1145527,NJ,39.342745,Ð74.462652,2012-09-18,2012-08-19,FEMALE,ADULT
5548,Full,NE-2012-1145390,DE,38.516676,Ð75.052199,2012-09-27,2012-09-02,FEMALE,YEARLING
5555,Full,NE-2012-1145047,VA,37.19975,Ð76.01047,2012-08-04,2012-07-10,MALE,UNKNOWN
5557,Full,NE-2012-1145049,VA,37.24962,Ð76.02204,2012-08-11,2012-07-18,FEMALE,UNKNOWN
5558,Full,NE-2012-1145050,VA,37.85896,Ð76.2459,2012-08-26,2012-07-26,UNKNOWN,UNKNOWN
5565,Full,NE-2012-1145269,NJ,39.309593,Ð74.526682,2012-09-12,2012-08-20,UNKNOWN,ADULT
5567,Full,SE-2012-1145732,NC,35.42949,Ð75.49145,2012-12-07,2012-11-14,UNKNOWN,ADULT
5578,Full,SE-2012-1144826,SC,32.228408,Ð80.862701,2012-08-14,2012-07-20,UNKNOWN,YEARLING
5579,Full,SE-2012-1144847,SC,32.04457,Ð80.92327,2012-08-15,2012-07-22,UNKNOWN,YEARLING
5585,Full,NE-2012-1145051,VA,36.8788,Ð75.982,2012-08-23,2012-08-06,MALE,UNKNOWN
5586,Full,NE-2012-1145052,VA,36.758529,Ð75.948976,2012-09-06,2012-08-11,FEMALE,UNKNOWN
5587,Full,NE-2012-1145053,VA,36.9609,Ð76.261,2012-09-10,2012-08-23,MALE,UNKNOWN
5589,Full,SE-2012-1145055,SC,32.66533,Ð79.93233,2012-09-12,2012-08-22,FEMALE,PUP/CALF
5590,Full,NE-2012-1145057,MD,38.303583,Ð75.106742,2012-08-29,2012-08-01,UNKNOWN,ADULT
5591,Full,NE-2012-1145058,DE,38.4757,Ð75.524,2012-08-29,2012-08-03,MALE,PUP/CALF
5616,Full,NE-2012-1145285,VA,37.86814,Ð75.36247,2012-09-30,2012-09-11,MALE,UNKNOWN
5628,Full,SE-2012-1145465,NC,35.03928,Ð76.07375,2012-10-30,2012-10-06,MALE,ADULT
5640,Full,SE-2012-1145328,GA,30.86784,Ð81.48419,2012-09-16,2012-08-19,MALE,ADULT
5775,Full,SE-2012-1146093,NC,34.77027,Ð76.67747,2012-12-16,2012-11-24,MALE,SUBADULT
5826,Full,SE-2012-1146282,SC,32.24372,Ð80.68677,2012-11-30,2012-11-09,FEMALE,ADULT
5827,Full,SE-2012-1146283,SC,32.9076,Ð79.58118,2012-12-02,2012-11-05,FEMALE,ADULT
5881,Full,SE-2012-1146166,NC,36.20056,Ð75.75859,2012-12-24,2012-11-23,MALE,
5902,Full,SE-2012-1146843,SC,33.781955,Ð78.749862,2012-12-21,2012-11-25,FEMALE,YEARLING
5987,Full,SE-2012-1146302,NC,34.911056,Ð76.239167,2012-12-31,2012-12-07,FEMALE,ADULT
6000,Full,NE-2012-1146278,VA,37.08396,Ð75.96296,2012-11-09,2012-10-07,UNKNOWN,UNKNOWN
6001,Full,NE-2012-1146279,VA,36.63795,Ð75.89444,2012-12-14,2012-11-24,FEMALE,UNKNOWN
6205,Full,NE-2012-1147170,DE,38.649167,Ð75.071944,2012-10-03,2012-08-29,MALE,ADULT
6294,Full,SE-2012-1146354,SC,32.6104,Ð80.02651,2012-12-25,2012-12-08,MALE,
6711,Full,SE-2012-1146442,GA,31.77948,Ð81.06471,2012-11-21,2012-10-26,MALE,ADULT
6712,Full,SE-2012-1146444,GA,31.44479,Ð81.23059,2012-11-27,2012-10-27,UNKNOWN,ADULT
6713,Full,SE-2012-1146445,GA,30.97304,Ð81.42012,2012-12-05,2012-11-11,MALE,ADULT
7302,Full,NE-2012-1147324,NY,40.644264,Ð73.153331,2012-09-03,2012-07-30,UNKNOWN,ADULT
7303,Full,NE-2012-1147325,NY,40.8484,Ð72.4506,2012-08-20,2012-07-24,FEMALE,YEARLING
7304,Full,NE-2012-1147326,NY,40.7355,Ð72.8546,2012-08-09,2012-07-08,UNKNOWN,ADULT
7402,Full,NE-2012-1147330,NY,40.5306,Ð74.1354,2012-11-13,2012-10-21,UNKNOWN,ADULT
9148,Full,NE-2012-1150772,NJ,38.930171,Ð74.917533,2012-08-07,2012-07-07,MALE,SUBADULT
11286,Full,SE-2012-1170250,SC,32.57733,Ð80.6365,2012-06-09,2012-05-19,UNKNOWN,PUP/CALF
11287,Full,SE-2012-1170251,SC,32.148537,Ð80.734521,2012-07-29,2012-07-12,MALE,YEARLING
18333,Full,SE-2012-1145303,NC,34.651776,Ð77.095193,2012-10-19,2012-10-03,MALE,SUBADULT
18787,Full,SE-2011-1130587,SC,33.13381,Ð79.24081,2011-04-07,2011-03-16,MALE,ADULT
18812,Full,SE-2011-1129628,SC,32.86224,Ð79.68213,2011-03-13,2011-02-18,MALE,ADULT
18814,Full,SE-2011-1131575,SC,32.56242,Ð80.19337,2011-05-22,2011-04-29,MALE,SUBADULT
18824,Full,SE-2011-1130586,SC,32.6597,Ð79.97272,2011-04-06,2011-03-10,FEMALE,YEARLING
18838,Full,SE-2011-1128738,SC,32.68329,Ð79.887012,2011-03-07,2011-02-10,MALE,ADULT
18839,Full,SE-2011-1130841,SC,32.1815,Ð80.78458,2011-04-29,2011-04-03,FEMALE,YEARLING
18842,Full,SE-2011-1128740,SC,33.84451,Ð78.58588,2011-02-28,2011-01-29,FEMALE,SUBADULT
18865,Full,SE-2011-1131028,SC,32.179187,Ð80.782392,2011-05-02,2011-04-09,UNKNOWN,PUP/CALF
18866,Full,SE-2011-1129667,SC,32.31382,Ð80.6442,2011-03-24,2011-02-22,MALE,PUP/CALF
18870,Full,SE-2011-1130588,SC,32.75408,Ð79.85332,2011-04-07,2011-03-14,MALE,PUP/CALF
18896,Full,SE-2011-1130582,SC,32.72768,Ð79.89874,2011-04-04,2011-03-06,MALE,ADULT
18899,Full,SE-2011-1131576,SC,32.178183,Ð80.774364,2011-05-23,2011-05-02,FEMALE,PUP/CALF
18909,Full,SE-2011-1130585,SC,32.84306,Ð79.69987,2011-04-04,2011-03-18,FEMALE,ADULT
18914,Full,SE-2011-1129657,SC,32.19353,Ð80.78208,2011-03-22,2011-02-22,FEMALE,SUBADULT
18930,Full,SE-2011-1130596,SC,32.193617,Ð80.695783,2011-04-21,2011-04-03,FEMALE,PUP/CALF
18932,Full,SE-2011-1131595,SC,32.216653,Ð80.911219,2011-05-26,2011-04-26,MALE,PUP/CALF
18936,Full,SE-2011-1131206,SC,32.636376,Ð79.985289,2011-05-13,2011-04-21,MALE,PUP/CALF
18938,Full,SE-2011-1129629,SC,32.60686,Ð80.0535,2011-03-15,2011-02-28,MALE,SUBADULT
18943,Full,SE-2011-1129669,SC,32.11417,Ð80.98597,2011-03-26,2011-02-25,FEMALE,ADULT
18976,Full,SE-2011-1130685,SC,32.94229,Ð79.651908,2011-04-23,2011-03-20,FEMALE,PUP/CALF
18978,Full,SE-2011-1129697,SC,32.78753,Ð79.92368,2011-03-21,2011-02-26,MALE,SUBADULT
18980,Full,SE-2011-1129679,SC,32.388986,Ð80.776986,2011-03-26,2011-03-08,UNKNOWN,PUP/CALF
18983,Full,SE-2011-1130592,SC,32.805445,Ð79.93367,2011-04-13,2011-03-23,FEMALE,ADULT
19003,Full,SE-2011-1130589,SC,32.55994,Ð80.17854,2011-04-07,2011-03-09,MALE,PUP/CALF
19009,Full,SE-2011-1130663,SC,32.55952,Ð80.17306,2011-04-14,2011-03-13,FEMALE,PUP/CALF
19026,Full,SE-2011-1130686,SC,32.52833,Ð80.34065,2011-04-23,2011-03-18,UNKNOWN,PUP/CALF
19031,Full,SE-2011-1131029,SC,32.670703,Ð79.953222,2011-05-06,2011-04-13,FEMALE,
19032,Full,SE-2011-1129631,SC,32.32751,Ð80.71039,2011-03-23,2011-02-26,MALE,SUBADULT
19035,Full,SE-2011-1129626,SC,32.77391,Ð79.8143,2011-03-11,2011-02-15,MALE,ADULT
19038,Full,SE-2011-1128760,SC,32.51437,Ð80.35791,2011-03-07,2011-02-01,FEMALE,ADULT
19044,Full,SE-2011-1128758,SC,32.78278,Ð79.79205,2011-03-06,2011-02-07,UNKNOWN,ADULT
19046,Full,SE-2011-1130590,SC,32.114156,Ð80.829042,2011-04-08,2011-03-05,UNKNOWN,SUBADULT
19049,Full,SE-2011-1131306,SC,32.769231,Ð79.958838,2011-05-13,2011-04-22,UNKNOWN,SUBADULT
